Codes,New Code,Ward,Names,Total crime rate,Median House Price,Children in Poverty,GCSE,Happiness,Obesity Prevalence,Annual Mean of NO2, Greenspace,homes with deficiency in access to nature,Industrial Development,Public Transport Accessibility,Income Scale,Total employment,Economically active_Total,Economically active_Unemployed,Life expectancy,Median Household income ,Mean Household income
00AA,E09000001,City of London,City of London,681,465000,13.9,363,7.6,23.21,50.2,4.8,100,256,7.7,146,388600,4535,4.7,86.4,63620,99390
00ABFX,E05000026,Barking and Dagenham,Abbey,142.2,177000,34.5,335,7.9,24.72,33.7,19.8,2.2,111,5.9,2838,8200,4631,9.7,82,33920,38870
00ABFY,E05000027,Barking and Dagenham,Alibon,75.7,160000,35.7,333,7.4,26,28.7,22.9,71.7,68,3.3,2731,800,3955,7.8,79,32470,37290
00ABFZ,E05000028,Barking and Dagenham,Becontree,79.3,170000,34.3,327,7.6,29.26,29.7,5.9,17.2,175,2.9,3009,1200,4770,7.2,79.2,33000,37860
00ABGA,E05000029,Barking and Dagenham,Chadwell Heath,72.4,195000,35.6,340,7.1,24.59,27.7,64.3,63.6,73,2.3,2525,1700,3886,7.2,80.8,33920,38860
00ABGB,E05000030,Barking and Dagenham,Eastbrook,58.3,191750,28.4,330,7.9,21.56,27.1,45.8,0,100,2.3,1844,4000,4805,4.9,79.2,37400,42780
00ABGC,E05000031,Barking and Dagenham,Eastbury,71.2,167250,33.4,349,8.1,26.51,31.6,15.8,6.4,60,2.8,2951,1000,4488,6.5,82,32870,37720
00ABGD,E05000032,Barking and Dagenham,Gascoigne,89.8,145000,38.6,331,7.8,28.99,34.1,19.6,6.3,58,3.8,3920,2900,3720,11.8,78.2,29480,34140
00ABGE,E05000033,Barking and Dagenham,Goresbrook,77.3,155000,33.6,332,6.9,25.16,30.2,19.1,8.3,64,2.5,2871,1300,4444,7,80.3,33250,38130
00ABGF,E05000034,Barking and Dagenham,Heath,83.1,155000,40.6,326,7.5,26.02,28.6,39.9,90.5,85,2.6,3085,2500,3784,8.7,78.5,31340,36080
00ABGG,E05000035,Barking and Dagenham,Longbridge,57.5,250000,19.4,352,8.1,24.89,30.8,22.4,4.4,121,3.1,1646,1700,4371,3.9,82.2,40570,46520
00ABGH,E05000036,Barking and Dagenham,Mayesbrook,74,160000,36,339,7.6,24.31,29.5,35.8,0,52,2.6,2793,800,3915,6.9,80,31530,36280
00ABGJ,E05000037,Barking and Dagenham,Parsloes,63.6,157000,35,332,8.3,26.53,29.5,20.4,29.8,59,2.7,2611,600,3764,7,79.9,31860,36640
00ABGK,E05000038,Barking and Dagenham,River,75,153500,32.1,337,7.4,30.17,29.4,16.8,0,70,3,2503,6200,4670,6.9,76.5,33490,38390
00ABGL,E05000039,Barking and Dagenham,Thames,84.9,167500,37.1,329,7.7,26.96,30.3,41.6,23.2,49,2.2,2931,9300,3704,9.3,80.1,32580,37400
00ABGM,E05000040,Barking and Dagenham,Valence,70.7,184000,33.2,340,7.5,24.58,29.3,17.2,60.3,137,3.2,2475,1900,3714,6.7,78.8,33200,38080
00ABGN,E05000041,Barking and Dagenham,Village,85.6,156000,37.9,317,7.1,27.89,27.6,46.5,0,64,2.8,2846,900,4248,7.5,78.5,31960,36740
00ABGP,E05000042,Barking and Dagenham,Whalebone,79.4,189000,27.5,345,7.7,22.83,29.3,16.9,98,112,2.9,1849,3500,4668,4,83.4,37180,42530
00ACFX,E05000043,Barnet,Brunswick Park,49.9,343000,17.8,367,7.5,16.49,30,27.9,0.7,140,2.8,2043,4200,7254,4.2,83.5,39800,53440
00ACFY,E05000044,Barnet,Burnt Oak,62.1,230000,32.8,343,7.4,25.31,30.5,24.7,2.8,97,3.6,4823,2300,6712,7.7,78.8,29400,39000
00ACFZ,E05000045,Barnet,Childs Hill,84.8,387493,23.7,369,7.5,16.94,35.3,13.7,42.1,216,4.5,2625,6000,8505,6,81.1,38960,52190
00ACGA,E05000046,Barnet,Colindale,54,242250,34.5,342,7.1,26.03,31.6,31.8,48.8,246,2.5,4165,9100,6347,8.3,83.9,30170,39990
00ACGB,E05000047,Barnet,Coppetts,80.3,290000,23.6,368,7.1,19.5,32.6,32.3,8.6,226,2.9,2683,3400,7697,5.5,80.6,38090,50910
00ACGC,E05000048,Barnet,East Barnet,45.7,305000,19.4,351,7.3,22.17,28.1,35.8,0,169,2.6,2054,3700,7951,4.4,83.2,39870,53550
00ACGD,E05000049,Barnet,East Finchley,44.1,337500,20.7,351,7.4,17.31,32.7,39.5,6.5,196,2.6,2513,3900,7801,5.5,83.6,41160,55480
00ACGE,E05000050,Barnet,Edgware,66.5,300000,21.2,356,7.2,17.09,29.5,53.1,19.6,175,2.9,2686,7300,6998,5,85.6,38410,51380
00ACGF,E05000051,Barnet,Finchley Church End,45.5,385000,11.1,369,7.3,11.58,32.8,17,12.5,179,2.9,1324,5700,6992,4,86.4,45030,61510
00ACGG,E05000052,Barnet,Garden Suburb,51.3,575000,7.7,380,7.6,12.5,33,28,2.4,195,2.7,757,6000,7319,3.9,87.1,53090,74940
00ACGH,E05000053,Barnet,Golders Green,57.5,429250,18.5,363,7.2,16.44,35.4,18.6,41.7,138,3.4,2644,5800,7014,5.8,81.6,40800,54940
00ACGJ,E05000054,Barnet,Hale,49.7,319975,19.5,348,7.1,20.57,30.6,52.7,7.2,146,2.5,2720,2900,7530,4.4,83.7,38590,51650
00ACGK,E05000055,Barnet,Hendon,72.9,325000,13.5,354,7,19.12,33.8,21.8,36.2,219,2.6,2430,7600,7417,5.5,82.2,38530,51560
00ACGL,E05000056,Barnet,High Barnet,61.8,330000,11.4,381,7.7,16.08,27.1,61.8,4.4,223,2.7,1205,6100,7193,3.5,83.1,43940,59790
00ACGM,E05000057,Barnet,Mill Hill,67.2,370000,20,360,7.2,18.22,30,61.5,2.5,280,2.2,2615,6800,7639,4.1,85.2,41920,56660
00ACGN,E05000058,Barnet,Oakleigh,49.9,320000,17.9,369,7.4,16.92,29.5,17.8,46.1,199,3.2,1851,4400,7324,3.7,82.7,41670,56260
00ACGP,E05000059,Barnet,Totteridge,37,482475,12.9,379,7.5,17.94,28,63.1,1,188,2.7,1183,5200,7002,3.4,84.5,46150,63320
00ACGQ,E05000060,Barnet,Underhill,57,297000,26,337,7.5,19.47,27.4,48.6,8.6,145,2.6,2793,4800,7343,4.9,81,37040,49390
00ACGR,E05000061,Barnet,West Finchley,58.4,292500,14.1,377,7.1,14.5,31.3,15.8,15.1,184,3.8,1719,8000,7779,4.3,83,42050,56850
00ACGS,E05000062,Barnet,West Hendon,104.1,310000,19.2,352,7.2,16.5,34.7,30.1,29,139,3.5,2571,9200,7011,6,83.4,35090,46620
00ACGT,E05000063,Barnet,Woodhouse,68.5,280000,19,359,7.9,20.83,31.6,21.8,34.3,187,2.8,2635,5900,7920,5.5,83.1,38220,51100
00ADGA,E05000064,Bexley,Barnehurst,42.9,223500,16.9,365,7.7,24.85,28.3,38.4,10.5,135,3,1007,2300,5282,3.4,82.6,38200,45990
00ADGB,E05000065,Bexley,Belvedere,61.7,168500,27,312,8.1,28.37,28.2,31.9,0,125,2.4,1867,3900,5368,5.2,82.6,33510,40110
00ADGC,E05000066,Bexley,Blackfen and Lamorbey,27.4,235000,9.6,364,8.1,20,29,9.5,1.8,129,2,676,1300,5346,3.1,85.4,40780,49390
00ADGD,E05000067,Bexley,Blendon and Penhill,32.8,239000,8.6,355,8.1,15.79,30.4,14.1,0,140,2,672,1300,5331,2.7,84.4,40340,48800
00ADGE,E05000068,Bexley,Brampton,31.1,250000,9.5,366,7.7,23.7,28.5,10.9,48.9,115,2.5,710,1400,5114,3,85.1,40790,49400
00ADGF,E05000069,Bexley,Christchurch,102.6,232750,13.5,375,8,14.23,30.2,19.4,20.1,140,3.4,879,8200,5339,3.4,81.6,40190,48590
00ADGG,E05000070,Bexley,Colyers,37.2,200000,26.5,342,7.9,26.65,27.5,15.8,68.4,98,1.9,1992,800,5112,6,81.6,34450,41250
00ADGH,E05000071,Bexley,Crayford,57.1,172650,24.2,336,7.5,19.56,27.9,45.3,7,141,2,1636,6500,5059,3.9,81.9,34900,41810
00ADGJ,E05000072,Bexley,Cray Meadows,47.2,227000,24.3,352,7.3,25.4,26.9,66.9,0,116,2,1651,6300,4834,4.7,81.9,35530,42600
00ADGK,E05000073,Bexley,Danson Park,54.7,220000,17.5,356,8.1,22.92,30,33.3,0.1,129,2.9,928,2600,5190,3.6,82.2,38580,46480
00ADGL,E05000074,Bexley,East Wickham,42.6,222500,19.4,346,7.8,22.97,29.2,29.7,0,119,2.8,1313,1400,5123,3.9,83.1,36260,43510
00ADGM,E05000075,Bexley,Erith,76.3,159950,29,337,8.1,29.91,28.2,7.4,23.4,103,2.5,2029,5600,4971,5.6,81.9,33160,39690
00ADGN,E05000076,Bexley,Falconwood and Welling,46.2,225000,11.5,344,8.1,24.93,31.2,5.7,37.1,126,2.6,707,1600,5309,2.9,83.2,39000,47030
00ADGP,E05000077,Bexley,Lesnes Abbey,52,218000,22.4,335,7.9,22.42,28.8,37.9,0.1,105,2.8,1701,600,5185,5.8,82.9,35630,42710
00ADGQ,E05000078,Bexley,Longlands,36.3,232748,12.8,374,7.9,17.44,29.3,34.4,61.6,136,2.6,790,3800,4804,2.7,81.8,40880,49520
00ADGR,E05000079,Bexley,North End,73.9,160000,34.6,322,7.1,22.76,26.7,54,41,84,2.4,2711,3000,4822,6.9,78.7,29930,35880
00ADGS,E05000080,Bexley,Northumberland Heath,45.7,225000,18.3,350,8.2,22.49,28,16,6.2,120,2.1,1092,1800,5255,3.6,82.8,37130,44610
00ADGT,E05000081,Bexley,St. Mary's,33.2,280000,7.4,376,8.1,14.41,28.2,44.3,0,144,2.6,551,2200,5010,2.8,84.9,44010,53800
00ADGU,E05000082,Bexley,St. Michael's,26.4,220000,13.1,352,8,21.99,28.9,8.3,22.8,112,2,871,1000,5402,3.8,82.8,38510,46390
00ADGW,E05000083,Bexley,Sidcup,47.2,245500,11,370,7.5,18.4,29,29.8,4.2,160,3,686,6700,5307,2.8,81.6,41220,49970
00ADGX,E05000084,Bexley,Thamesmead East,57.6,120000,29.8,348,7.6,28,28.1,53.8,0,63,2.6,2510,3500,5473,7.8,79.9,32100,38410
00AEGJ,E05000085,Brent,Alperton,68.8,240000,16.5,332,7.5,18.85,32.9,17.3,0,102,3,2163,8400,6141,7.2,82.5,31250,38550
00AEGK,E05000086,Brent,Barnhill,66,337500,27.1,355,7.5,25.15,31.4,32.8,0.1,109,3,3400,3500,5910,7.4,79.4,34630,42740
00AEGL,E05000087,Brent,Brondesbury Park,63.2,368250,24.1,340,7.9,22.91,35.4,11.4,24.6,130,4,2008,2100,6101,6.5,84,40020,49860
00AEGM,E05000088,Brent,Dollis Hill,67,300000,35.7,331,7,21.94,34.7,19.8,0.1,88,2.8,3181,5200,5720,7.5,85.5,30990,38230
00AEGN,E05000089,Brent,Dudden Hill,85.2,375000,34.3,348,7.3,26.68,36.2,14.5,0.3,87,3.4,3004,3400,6897,7.7,84.6,33470,41280
00AEGP,E05000090,Brent,Fryent,59,288500,20.2,356,7.2,21.23,30.9,42,4.8,80,2.8,2384,4000,5753,7.1,82.4,35590,43960
00AEGQ,E05000091,Brent,Harlesden,97.4,223000,40.9,308,8,29.31,37.3,8.5,0,85,3.8,5059,2000,5501,11.4,80.5,27030,33620
00AEGR,E05000092,Brent,Kensal Green,86.4,332000,30.7,306,7.2,27.07,39.6,8.5,0,135,4.1,2983,1800,5687,7.7,84.3,34640,42750
00AEGS,E05000093,Brent,Kenton,49.8,382670,12.3,374,7.4,21.58,30.2,15.7,6.4,69,2.6,1269,2500,5852,4.6,87.3,42190,52870
00AEGT,E05000094,Brent,Kilburn,77.8,340000,36,340,7,25.78,38.3,11.3,12.6,151,5.5,4326,3000,7342,9.7,83.1,34270,42280
00AEGU,E05000095,Brent,Mapesbury,68,330000,29,333,8,21.65,35.1,9,66.4,125,4.5,2389,2500,7490,7.5,81.5,36830,45580
00AEGW,E05000096,Brent,Northwick Park,58.1,366000,14.9,370,7.3,20.94,30.9,29.6,18.9,97,2.8,1506,6900,6106,5.5,82.7,41100,51340
00AEGX,E05000097,Brent,Preston,55.1,316000,23.9,365,7.4,23.83,31.8,18.1,67,115,3.1,2533,3500,6154,6.5,82.7,35960,44440
00AEGY,E05000098,Brent,Queens Park,72.9,460000,18.4,348,7.4,17.38,37.9,17.9,0,218,5,2014,4500,6972,7.3,83.8,42880,53850
00AEGZ,E05000099,Brent,Queensbury,67.2,310000,21.3,348,7.4,21.51,30.4,16.4,51.9,92,3,2454,4000,6323,6,82.2,35110,43360
00AEHA,E05000100,Brent,Stonebridge,119.9,204000,44.4,323,7.1,26.49,35.7,22.6,0,63,3,6230,17200,6453,13.5,79.3,25800,32250
00AEHB,E05000101,Brent,Sudbury,46,250000,20.6,356,7.6,25.9,32.7,33.7,35.4,84,3.3,2751,2200,6057,7,81.4,33530,41350
00AEHC,E05000102,Brent,Tokyngton,82.9,265000,24.2,343,7.5,27.19,33.1,18.9,47,103,3.3,2225,13400,5802,6.3,81,33130,40860
00AEHD,E05000103,Brent,Welsh Harp,61.4,250000,28,341,7.5,26.61,33.4,23,0,68,2.8,2918,1700,5878,6.6,82.9,31620,39000
00AEHE,E05000104,Brent,Wembley Central,107.8,250000,22.8,343,7.1,20.4,33.6,21.7,6.8,78,4.7,2472,5600,5099,7.6,83.4,31040,38290
00AEHF,E05000105,Brent,Willesden Green,94.4,250000,34.2,321,7.7,26.68,35.5,31.6,34.1,109,4.6,3342,3600,6908,8.6,80.4,31390,38710
00AFGD,E05000106,Bromley,Bickley,37.9,380000,8.4,389,7.9,12.54,28.1,22,60.3,211,2.3,946,3900,6708,2.8,81.6,47190,61330
00AFGE,E05000107,Bromley,Biggin Hill,53.3,246000,14.1,355,8.4,14.14,23.7,69.5,0,141,1.8,636,2200,5735,2.5,84.6,40930,52070
00AFGF,E05000108,Bromley,Bromley Common and Keston,49.5,293750,17.8,363,8,17.82,26.4,59.3,11.5,236,2.3,1828,4900,6829,3.5,83.3,40510,51480
00AFGG,E05000109,Bromley,Bromley Town,134.2,250000,12.4,373,7.9,13.3,30,20.4,85.7,301,3.7,1467,23700,7954,3.5,81.5,43460,55730
00AFGH,E05000110,Bromley,Chelsfield and Pratts Bottom,33.8,294500,6.9,369,7.5,11.28,24.3,70.5,17.4,184,1.9,831,3000,6945,2.4,85.4,44850,57790
00AFGJ,E05000111,Bromley,Chislehurst,60.8,349995,9.6,373,7.9,15.51,27.5,59.1,1.1,255,2.2,1040,4500,6918,3,82.1,46250,59910
00AFGK,E05000112,Bromley,Clock House,50.9,250000,13.6,364,7.5,16.54,30.2,18.8,23.7,251,4,1526,3100,8725,4,82.7,41650,53100
00AFGL,E05000113,Bromley,Copers Cope,61.9,247000,18.8,356,7.8,13.3,30,23.6,10.4,349,3.1,1206,4700,8189,3.5,82,43170,55310
00AFGM,E05000114,Bromley,Cray Valley East,91.2,200000,34.8,337,7.3,22.18,25.4,75,0,148,2.2,3085,6500,7101,4.8,81.4,32230,40390
00AFGN,E05000115,Bromley,Cray Valley West,60.2,200000,32.6,333,7.2,18.25,27,25.8,0,127,2.4,3599,3800,7018,5.1,81.5,31740,39760
00AFGP,E05000116,Bromley,Crystal Palace,84.5,195000,35.3,330,7.2,23.81,31.6,37.5,14.3,213,4.4,2654,1800,6070,8,79.4,34060,42730
00AFGQ,E05000117,Bromley,Darwin,43.7,355000,12.2,367,7.9,15.44,23.6,90,0,61,1.3,352,1400,2374,3.1,82.7,42810,54780
00AFGR,E05000118,Bromley,Farnborough and Crofton,40.9,310000,10.4,381,8.1,15.14,25.7,50.5,0.3,183,2.3,885,6400,6730,2.9,85.5,44590,57400
00AFGS,E05000119,Bromley,Hayes and Coney Hall,35,333250,7.1,376,8.3,12.05,26.4,67.6,24.9,230,2.3,835,3000,7342,2.9,84.2,45660,59000
00AFGT,E05000120,Bromley,Kelsey and Eden Park,67.9,330000,9.7,364,7.4,15.19,28.9,41.8,20.7,185,2.6,1066,3900,7124,3.1,85.3,44700,57560
00AFGU,E05000121,Bromley,Mottingham and Chislehurst North,88.3,185500,33.4,342,7.9,22.65,29.1,43.6,0,110,2.5,2391,1100,4512,6,80.5,32330,40510
00AFGW,E05000122,Bromley,Orpington,79.9,250000,23.1,366,7.5,19.53,25.9,22.7,16.8,169,2.7,2048,7300,6995,4,84.1,38090,48100
00AFGX,E05000123,Bromley,Penge and Cator,85,250000,28.7,337,7.4,25.22,30.8,24.5,24.1,188,4,3423,4800,8678,7,82.4,36090,45390
00AFGY,E05000124,Bromley,Petts Wood and Knoll,34.8,423000,5.5,384,7.7,9.52,26.5,22.5,3.2,187,2.4,559,2300,6606,2.3,85.9,48530,63410
00AFGZ,E05000125,Bromley,Plaistow and Sundridge,49.5,250000,20,351,7.4,14.87,29,41.6,17.7,217,2.8,2038,3200,7507,4.1,79.9,39460,50000
00AFHA,E05000126,Bromley,Shortlands,32.5,325000,5.5,377,7.9,11.68,28.6,9,21.8,177,2.5,481,1100,4680,2.4,87.1,48020,62610
00AFHB,E05000127,Bromley,West Wickham,29.4,370000,5.1,372,8.2,11.95,27.9,31.5,32.6,193,2.1,678,3300,6903,2.8,84.5,46210,59830
00AGGD,E05000128,Camden,Belsize,52.5,650000,23.1,330,7.7,18.68,39,6.5,4.4,209,4.1,1728,3400,6672,6.3,86.3,52680,84280
00AGGE,E05000129,Camden,Bloomsbury,332.8,365000,27,363,7.4,28.26,48.6,8.9,76.1,150,7.9,1210,70800,4531,6.1,84,40340,62190
00AGGF,E05000130,Camden,Camden Town with Primrose Hill,328.3,615000,33.4,357,7.7,16.59,39.7,12.8,8.1,195,5.8,2448,14700,5909,9.4,84.6,45840,71650
00AGGG,E05000131,Camden,Cantelowes,92.8,413250,35.5,316,7.8,20.29,40.4,9.3,31.3,156,4.9,2776,2600,5291,8.3,81.8,39060,60060
00AGGH,E05000132,Camden,Fortune Green,56.3,455000,24.3,328,7.3,20.57,37,18.1,36.7,153,4.5,1765,2200,6066,6.5,85.3,46800,73370
00AGGK,E05000134,Camden,Gospel Oak,59.1,415000,35.9,321,7.5,23.36,38.9,11.2,0,114,4,2933,2300,4965,8.5,83.3,39990,61590
00AGGN,E05000137,Camden,Highgate,63.5,487500,25.5,327,7.9,13.5,33.8,57.1,0,126,3.9,1947,2800,5440,7.1,85.1,47840,75250
00AGGP,E05000138,Camden,Holborn and Covent Garden,323.6,535000,36.6,331,7.5,25.53,49.6,8.6,98.2,179,7.9,2760,110900,5311,8,84.4,40180,61920
00AGGQ,E05000139,Camden,Kentish Town,89.4,420000,33.9,332,8,19.26,38.7,6.8,20.6,143,5.5,2898,9700,6042,7.3,78.6,41230,63670
00AGGR,E05000140,Camden,Kilburn,103.6,381000,45.5,332,7.7,22.08,40.1,18,60.3,128,5.7,3540,3700,5273,9.7,78.5,34730,53190
00AGGS,E05000141,Camden,King's Cross,120.7,337500,38.7,290,7.5,21.21,45.3,15.2,75.6,70,7.7,2453,16300,4680,10.1,83.8,32890,50390
00AGGT,E05000142,Camden,Regent's Park,131.1,375000,35.3,321,7.3,26.14,42,27.4,0,91,6.6,3195,27600,5234,9.4,80.7,34260,52460
00AGGU,E05000143,Camden,St. Pancras and Somers Town,89.6,365000,45.7,320,7.6,24.46,41.4,24.8,0,94,6.4,4648,16500,4920,12.8,79.6,30500,46850
00AGGW,E05000144,Camden,Swiss Cottage,70,570000,26,333,7.3,22.22,39.4,21.9,64.5,188,6.2,1842,4300,6538,5.5,84.6,50340,79860
00AGGX,E05000145,Camden,West Hampstead,75.9,428975,31.1,351,7.4,15.98,40.4,9.2,32.8,174,5.9,1941,4300,6330,6.4,83.4,46290,72450
00AHGE,E05000146,Croydon,Addiscombe,61.6,210000,24.3,342,7.7,21.61,30.5,9.5,4.9,202,4.5,2305,4400,8788,4.8,80.5,38070,46520
00AHGF,E05000147,Croydon,Ashburton,51.4,272500,24,349,7.6,23.19,29.5,25.2,11.7,113,2.7,2236,1800,6493,4.5,82.6,38600,47220
00AHGG,E05000148,Croydon,Bensham Manor,71.2,191630,27.2,340,7.7,24.42,30.7,11.5,91.9,102,3.4,2998,1600,8136,8.1,83,33530,40730
00AHGH,E05000149,Croydon,Broad Green,157.8,180818,30.9,328,7.3,25.5,31.1,15.5,82.8,156,4.5,4067,11700,7252,7.5,80.2,31000,37670
00AHGJ,E05000150,Croydon,Coulsdon East,36.1,295000,15.3,352,8.2,17.4,25.1,62.2,0,149,1.7,1157,2600,5972,3.4,84.9,42660,52750
00AHGK,E05000151,Croydon,Coulsdon West,49.5,305000,10.3,386,7.6,19.68,26.8,28.2,52.1,140,2.4,967,3500,6650,2.8,81.7,46610,58380
00AHGL,E05000152,Croydon,Croham,63.4,215000,17.6,369,8,19.06,29.3,22.8,41.9,247,3.2,1443,5000,8226,3.6,81.4,42260,52180
00AHGM,E05000153,Croydon,Fairfield,188.4,207500,23.2,367,7.7,24.84,31.2,32.6,67.9,221,5.8,2053,35900,8119,6,80.8,39130,47920
00AHGN,E05000154,Croydon,Fieldway,63,162000,41.4,317,7.6,24.56,26.9,28.5,0,33,3.1,3948,900,4111,10.3,80.1,26720,32760
00AHGP,E05000155,Croydon,Heathfield,68.3,197000,21.4,354,8,17.84,26.9,67.5,0,142,2.3,1563,2500,6911,3.5,83.9,39770,48780
00AHGQ,E05000156,Croydon,Kenley,36.6,274750,14,355,7.6,14.7,26.3,40,9.1,180,1.9,1362,2200,6881,3.5,81.7,44160,54850
00AHGR,E05000157,Croydon,New Addington,66.1,186500,35.8,332,7.6,27.83,25.9,36.3,0,53,3,2791,2000,4271,7,78.8,28770,35060
00AHGS,E05000158,Croydon,Norbury,65.6,242500,22.5,356,8.2,23.5,31.3,22,74.4,119,2.9,2465,2200,6748,6.1,81.6,36810,44870
00AHGT,E05000159,Croydon,Purley,67.5,272000,14.9,375,8.3,16.85,29.1,10.6,20,204,2.8,1294,4800,6654,3.5,83.3,44600,55480
00AHGU,E05000160,Croydon,Sanderstead,28.2,310000,8.9,368,7.9,12.53,26.5,51.3,0,147,1.6,822,1800,5826,2.5,84.9,47030,59000
00AHGW,E05000161,Croydon,Selhurst,91.3,165000,34.5,338,7.5,26.99,31.2,20.3,46.9,130,4.2,3980,6500,7428,8,77.1,31220,37920
00AHGX,E05000162,Croydon,Selsdon and Ballards,30.8,287500,9.1,366,7.7,15.42,26.5,55.6,0,120,2,506,2000,6143,2.4,86.4,45320,56510
00AHGY,E05000163,Croydon,Shirley,41,270000,22.7,335,7.9,20,28,21.2,30.7,149,1.9,1976,1600,6614,4.7,84.3,39500,48410
00AHGZ,E05000164,Croydon,South Norwood,79.2,180000,30.9,352,7.7,23.42,31,24.3,4.8,188,3.9,3143,2500,7811,6.7,80.6,34430,41840
00AHHA,E05000165,Croydon,Thornton Heath,72.9,195000,29.1,340,7,26.66,31.6,14.2,39.1,134,3.1,3443,2600,7472,6.6,80.4,33720,40960
00AHHB,E05000166,Croydon,Upper Norwood,65,245000,25.4,345,7.4,23.69,31.4,25.8,6.3,138,2.9,2837,3000,7189,6.9,80.4,37430,45670
00AHHC,E05000167,Croydon,Waddon,75.5,198000,29.1,353,7.1,19.92,30.9,31.3,59.2,162,3.6,2996,7000,6907,5.3,78.1,34630,42100
00AHHD,E05000168,Croydon,West Thornton,98,195000,28.8,344,7.6,24.8,31.6,20.5,68.3,123,3,3396,7500,8036,7.9,81,32400,39350
00AHHE,E05000169,Croydon,Woodside,71.3,191000,30.6,340,7.5,23.62,29.8,32.1,0,127,3.4,3346,1500,8313,6.1,81.8,33890,41170
00AJGC,E05000170,Ealing,Acton Central,87.3,331500,29.7,343,7.6,19.44,39.3,17.2,100,156,3.3,2852,2700,7044,6.4,82.6,36500,46260
00AJGD,E05000171,Ealing,Cleveland,46,361500,26.7,349,8.1,19.25,34.7,34.8,30.6,130,2.9,2686,2300,7043,5.8,83,41730,53560
00AJGE,E05000172,Ealing,Dormers Wells,54.8,241000,28.7,330,7.7,23.39,34.1,42,2.7,51,3.2,3559,1500,5714,8.5,80.6,29350,37130
00AJGF,E05000173,Ealing,Ealing Broadway,134,339000,14.3,359,7.8,15.05,38.7,9.4,52.3,166,4.6,1173,12400,7563,4.4,81.5,45540,59190
00AJGG,E05000174,Ealing,Ealing Common,68.5,342000,23.3,338,7.9,20.95,37.4,19.1,55.6,175,3.4,1698,3000,7565,4.8,80.8,43600,56300
00AJGH,E05000175,Ealing,East Acton,107.5,278000,37.5,341,7.3,26.1,38.1,20,63.9,196,4.1,3600,16900,7126,6.4,82.3,32930,41590
00AJGJ,E05000176,Ealing,Elthorne,75.1,336500,24.3,349,7.8,22.57,35.5,33.7,0,176,3.6,2403,3700,6857,5.4,81.1,38970,49650
00AJGK,E05000177,Ealing,Greenford Broadway,84,207500,30.4,328,7.2,23.63,32.4,29.6,1,121,3.2,3889,4700,6362,6.1,80.1,30500,38540
00AJGL,E05000178,Ealing,Greenford Green,76.1,250000,18.2,347,7.8,24.54,31.8,25.3,5.4,110,2.7,1893,8400,6562,5.1,82.8,35420,44830
00AJGM,E05000179,Ealing,Hanger Hill,64.5,370000,15.5,354,7.6,18.4,36.8,27.5,8.1,150,3.7,1285,8400,7545,4.3,85,44760,58010
00AJGN,E05000180,Ealing,Hobbayne,48.3,285000,23.2,356,7.6,18.57,33.6,37.3,2,127,3,2626,1300,6575,4.9,81.6,36220,45900
00AJGP,E05000181,Ealing,Lady Margaret,43,250000,19.7,330,7.9,23.6,31.9,15.3,13.4,62,2.9,2389,900,6045,5.9,80.9,32520,41060
00AJGQ,E05000182,Ealing,Northfield,39.7,450000,8.5,381,7.6,13.13,32.8,19.2,4.9,198,3.3,947,2200,7348,4,83.9,48480,63700
00AJGR,E05000183,Ealing,North Greenford,53.3,270000,17,344,6.8,24.8,31.2,51.1,6.3,99,2.7,1904,2200,6668,4.9,84.3,36480,46250
00AJGS,E05000184,Ealing,Northolt Mandeville,57.8,222500,31.9,341,7.7,24.87,30.8,37,29.7,120,3,3233,6900,6164,6.6,82.8,31950,40330
00AJGT,E05000185,Ealing,Northolt West End,72.6,204000,34.2,332,7.5,21.9,30.3,59.3,12.9,93,2.4,4232,1300,6009,6.9,80.4,28550,36170
00AJGU,E05000186,Ealing,Norwood Green,92.8,242500,30.5,341,8,23.11,34.8,44.6,0.4,48,2.2,3849,12100,5321,7.1,79.6,29020,36730
00AJGW,E05000187,Ealing,Perivale,77.9,262500,17.3,353,7.1,24.45,33.1,38.5,1.9,121,2.3,2087,6600,6889,5.3,83.8,36040,45650
00AJGX,E05000188,Ealing,South Acton,87,298500,34.1,343,7.4,26.9,35.9,17.3,71,172,4.7,3340,6500,6795,6.8,79.2,34300,43350
00AJGY,E05000189,Ealing,Southall Broadway,99,230500,23.1,332,8.2,23.26,37.6,29.7,12.8,40,3.3,3098,3900,5749,9,80.9,27930,35440
00AJGZ,E05000190,Ealing,Southall Green,82.5,212000,30.4,339,8.3,24.66,36.2,11.8,4.6,53,3,3451,3200,5754,7.8,80,27150,34530
00AJHA,E05000191,Ealing,Southfield,64.4,570000,13.8,340,7.3,17.98,34.2,9.8,45.9,251,3.4,1282,4400,7612,4.4,83,50170,66360
00AJHB,E05000192,Ealing,Walpole,70.1,419500,11.5,382,7.9,18.52,33.9,18.1,53.4,184,3.7,1272,5900,7471,4.2,81.9,46240,60250
00AKGL,E05000193,Enfield,Bowes,48.9,250000,27.2,345,7.1,21.14,34.3,16.1,2.5,101,3.7,2529,1200,6087,7.3,84.2,36300,45290
00AKGM,E05000194,Enfield,Bush Hill Park,50.8,306500,18.4,365,7.5,22.38,30.5,27,45.7,146,2.7,1599,2300,6743,3.7,83,41800,52700
00AKGN,E05000195,Enfield,Chase,56.1,250000,29.6,335,6.8,24.44,27.7,84.5,0,162,1.9,2691,3500,6090,5.3,79.5,36350,45360
00AKGP,E05000196,Enfield,Cockfosters,44.2,385000,18.5,355,7.3,20.63,27,68.2,26.5,125,2.5,1736,3800,5687,4.8,84.6,43570,55190
00AKGQ,E05000197,Enfield,Edmonton Green,110.6,186500,44,335,7.5,30.08,32.5,35.7,99.9,94,4,6814,7300,5939,11.1,81.9,26010,32940
00AKGR,E05000198,Enfield,Enfield Highway,89.1,218000,41.4,326,7.4,27.04,28.6,25.6,82.7,125,2.5,4522,8700,6458,7.6,83,29450,36850
00AKGS,E05000199,Enfield,Enfield Lock,66.3,195000,43.2,333,7.1,26.69,29.3,41,44.3,121,2.6,4669,3500,6202,5.9,79.2,30240,37780
00AKGT,E05000200,Enfield,Grange,62.5,314000,12.1,365,7.2,11.72,29.4,27.4,0,141,3,943,7100,5896,3.5,85.2,45960,58640
00AKGU,E05000201,Enfield,Haselbury,65.2,203500,40.2,332,7.8,26.95,32.4,25.4,100,115,3.1,5003,1700,6533,8.2,82.3,29600,37020
00AKGW,E05000202,Enfield,Highlands,45.3,285000,17.1,358,7.8,19.43,27.5,57.2,33.3,187,2.6,1413,5500,6156,4,84.9,43540,55140
00AKGX,E05000203,Enfield,Jubilee,60.9,214950,37.3,332,7.5,24.32,29.2,29.3,99.9,87,2.5,3898,1900,5982,7.4,80.7,30800,38450
00AKGY,E05000204,Enfield,Lower Edmonton,55.8,201000,42.3,321,7.4,27.59,30,23,99,86,3.4,5267,2700,5730,8.4,81.1,28110,35300
00AKGZ,E05000205,Enfield,Palmers Green,68.5,273000,22.1,350,7.6,22.55,33,16.6,5.9,127,2.5,2591,3300,6779,6.5,83.4,37970,47480
00AKHA,E05000206,Enfield,Ponders End,74.6,207000,42.3,338,7.3,29.58,29,18,71.8,89,3.2,4709,6500,5918,8.3,80.4,28560,35810
00AKHB,E05000207,Enfield,Southbury,102.2,218500,37.2,335,7.3,21.38,30.2,31.1,87.8,126,3.1,3617,10200,6183,6.3,83,33260,41440
00AKHC,E05000208,Enfield,Southgate,63.9,270000,20.8,369,7.9,17.49,29.5,24.9,20.6,180,3.1,1720,5600,6127,4.8,82.6,41520,52310
00AKHD,E05000209,Enfield,Southgate Green,53.1,347000,19.7,347,7.2,21.8,32.4,20.2,0,125,3.8,2014,2600,6358,6.1,83,42750,54020
00AKHE,E05000210,Enfield,Town,50.1,279000,16.2,347,7.8,20.63,28.8,18.6,22.8,189,2.5,1498,4600,7199,3.2,84,42300,53390
00AKHF,E05000211,Enfield,Turkey Street,80.8,220000,43.9,321,7.2,25.75,30.5,32.1,47.5,107,2.5,4246,1300,5772,5.9,80.3,28960,36270
00AKHG,E05000212,Enfield,Upper Edmonton,124.4,200000,40.1,335,7.9,30.11,34.1,28.4,72.5,106,3.2,5423,8200,6205,9.5,77.5,28480,35720
00AKHH,E05000213,Enfield,Winchmore Hill,49.8,337475,12.2,380,7.8,19.34,30,25,0,170,2.7,1348,3600,6381,4.8,82.1,45880,58520
00ALGP,E05000214,Greenwich,Abbey Wood,78.3,170250,36,314,8.3,28.77,29.2,41.2,0,88,3.1,3738,1600,5809,9.3,79.1,31540,39630
00ALGQ,E05000215,Greenwich,Blackheath Westcombe,69.9,352475,13.5,370,7.6,21.91,34.1,20.6,0,222,3.4,1367,2800,6540,5.8,81.6,49160,63690
00ALGR,E05000216,Greenwich,Charlton,53.8,250000,29.2,331,7.6,26.43,33.1,34,33,140,3.7,3112,2400,6066,8.9,78.2,37940,47740
00ALGS,E05000217,Greenwich,Coldharbour and New Eltham,49.9,263000,20.8,347,8,21.86,29.8,18.1,53.9,117,2.8,1869,1400,5797,5.2,81.3,38390,48340
00ALGT,E05000218,Greenwich,Eltham North,59.4,250000,12.1,366,7.8,16.06,32.2,24.8,4.2,150,2.9,1242,3500,6084,4.8,83.9,43120,54840
00ALGU,E05000219,Greenwich,Eltham South,75.5,216500,25.9,352,7.8,24.26,29.6,52.2,0.6,144,3.2,1613,5200,5325,4.4,82.4,37120,46660
00ALGW,E05000220,Greenwich,Eltham West,55.9,225000,30.2,311,7.9,24.4,33.6,28.5,11,93,2.9,3059,1500,5825,11.3,79.2,34250,42970
00ALGX,E05000221,Greenwich,Glyndon,57,175000,34.4,320,8,24.69,31.2,20.7,6.9,107,3.8,4273,3100,6438,11.3,77,31690,39810
00ALGY,E05000222,Greenwich,Greenwich West,96.8,320000,28.7,327,8,25.22,34.5,39.4,0,398,4.3,2563,8300,5964,7.6,81.1,42270,53640
00ALGZ,E05000223,Greenwich,Kidbrooke with Hornfair,59.2,227500,28.8,322,7.2,24.12,31.9,28.8,26.1,140,2.6,2835,1500,5563,7.3,81.4,35740,44870
00ALHA,E05000224,Greenwich,Middle Park and Sutcliffe,70.5,250000,31.3,330,7.7,25,31.6,36.2,5.5,116,2.4,2868,2100,5712,8,81.6,35340,44350
00ALHB,E05000225,Greenwich,Peninsula,108.5,310000,30.1,326,7.7,20.32,35.7,14.2,18.5,355,4.1,2107,11200,5284,6.6,81.4,41840,53050
00ALHC,E05000226,Greenwich,Plumstead,66.5,174500,29.3,328,7.4,25.3,29.7,37.6,0,104,3.4,3418,2000,6470,8,80.8,32390,40660
00ALHD,E05000227,Greenwich,Shooters Hill,45.6,210000,19.3,358,8,22.67,29.4,56.5,0,105,2.4,1892,2300,6398,6.1,82.7,39030,49190
00ALHE,E05000228,Greenwich,Thamesmead Moorings,69.5,157000,32.2,337,7.4,28.9,29.2,40.8,0,59,2.6,3931,4900,5824,10.3,77.1,34450,43220
00ALHF,E05000229,Greenwich,Woolwich Common,90.1,170000,35.2,322,7.3,26.55,31.4,44,19.7,72,4.1,5034,6700,6342,11.5,79.1,30260,38090
00ALHG,E05000230,Greenwich,Woolwich Riverside,101.3,215000,37.2,312,7.8,24.14,32.7,18.1,40.3,150,4.2,4940,10600,5595,13.9,78.1,33540,42080
00AMGA,E05000231,Hackney,Brownswood,73,298000,35.6,328,7.1,28.8,36.6,14.1,0,111,5.8,2605,1300,5870,9.6,80.9,40070,48860
00AMGB,E05000232,Hackney,Cazenove,47,292000,25.3,327,7.3,24.5,35.2,6.7,0,91,4.8,3692,1600,4331,10.6,85.2,38130,46380
00AMGC,E05000233,Hackney,Chatham,112,248500,41.6,323,7.1,23.8,38.9,14.8,27.1,100,5.8,3965,6500,4787,11.9,80.3,32510,39570
00AMGD,E05000234,Hackney,Clissold,71,345000,24.8,346,6.9,17.6,35.4,10.9,2.5,141,3.7,2544,1900,5490,9.1,80.8,45450,56050
00AMGE,E05000235,Hackney,Dalston,165,315000,38.4,340,7.3,26.7,38.6,12,100,318,5.6,3562,4500,5055,11.6,80.3,38230,46500
00AMGF,E05000236,Hackney,De Beauvoir,171,347500,38.4,333,7.3,30.3,37.9,11.1,66.7,146,4.6,2988,3300,4650,10.6,78.5,39060,47560
00AMGG,E05000237,Hackney,Hackney Central,108,315000,40,341,7.1,25.6,39.7,13.3,92,163,6.7,3616,6500,4769,11.9,79.8,35260,42840
00AMGH,E05000238,Hackney,Hackney Downs,76,275000,35.3,332,7,25.7,35.9,26.3,2.3,113,5.3,3657,1400,4886,11.5,80.3,35700,43360
00AMGJ,E05000239,Hackney,Haggerston,173,362500,45.3,330,7.6,29,41.2,21.2,26.7,111,5.2,3782,32600,4561,12.4,80.1,36080,43830
00AMGK,E05000240,Hackney,Hoxton,125,302500,45.4,308,7.5,27.6,39.8,23.6,97.8,105,5.6,3724,13900,4886,12,80.5,34970,42490
00AMGL,E05000241,Hackney,King's Park,64,332000,41.4,333,7.2,25.5,32.9,58.3,0,83,3.1,3940,800,4550,11.7,82,31970,38930
00AMGM,E05000242,Hackney,Leabridge,76,249998,34.8,320,7.2,22.1,35.7,21.7,0,124,4.3,3029,1600,4575,11.2,77.3,35110,42650
00AMGN,E05000243,Hackney,Lordship,65,250000,26,332,7.1,23.1,34.6,31.8,0,74,3.7,3583,2100,4757,9.7,81.2,39940,48700
00AMGP,E05000244,Hackney,New River,57,288500,26.5,324,7.3,29.1,35.8,19.5,0,40,5,3995,3200,4285,12.3,82.5,35590,43230
00AMGQ,E05000245,Hackney,Queensbridge,131,325000,39.5,320,7.3,21.8,36.8,15.6,45.8,127,4.1,3664,3600,4470,13,80.9,36720,44620
00AMGR,E05000246,Hackney,Springfield,64,237500,29,347,7.4,23.8,33.7,29.7,0,45,3.1,4167,1500,3725,13.2,80.8,33570,40810
00AMGS,E05000247,Hackney,Stoke Newington Central,88,400000,26.6,333,7.5,25.6,36.9,6.7,30.6,120,5.2,2669,3100,5165,10,82.2,42400,51920
00AMGT,E05000248,Hackney,Victoria,102,322750,38.1,325,8.1,28.6,37.3,12,0,102,4.7,3745,2100,5402,10.3,79.5,37350,45410
00AMGU,E05000249,Hackney,Wick,99,267750,45.6,327,7.5,30.8,38.9,33.6,0,94,4,3751,2100,4565,11.1,77.8,32890,40010
00ANGA,E05000250,Hammersmith and Fulham,Addison,100.5,378250,23.7,362,7.7,23.84,38.6,2.4,80.8,198,6.4,1750,5300,6440,6.8,82.5,43970,63150
00ANGB,E05000251,Hammersmith and Fulham,Askew,73.3,360000,31.8,351,8,21.64,36.1,7.5,10.9,187,3.5,2774,2000,6637,8.2,82.1,38450,54390
00ANGC,E05000252,Hammersmith and Fulham,Avonmore and Brook Green,63.8,432500,22.9,357,7.8,25.32,39.3,13.1,92.1,168,5.9,1727,10600,6372,7.2,82.2,43350,62140
00ANGD,E05000253,Hammersmith and Fulham,College Park and Old Oak,118.5,273500,44.9,341,7.7,21.84,39.3,48,0,30,4.6,2515,14300,3378,9.7,79.2,30890,43410
00ANGE,E05000254,Hammersmith and Fulham,Fulham Broadway,92.1,499950,29.8,351,7.5,20,37.3,7.5,38.5,139,5,1923,4000,5559,7.3,79.4,42130,60160
00ANGF,E05000255,Hammersmith and Fulham,Fulham Reach,88,450000,27.7,372,7.5,21.11,37.5,18.4,85.4,147,3.8,1492,8100,5792,6.7,81.1,42010,59970
00ANGG,E05000256,Hammersmith and Fulham,Hammersmith Broadway,217.6,390000,30.9,347,7.6,22.99,42.5,7.4,5.2,177,6,2549,27100,6132,8.2,78.9,39500,56010
00ANGH,E05000257,Hammersmith and Fulham,Munster,53.6,535000,13.9,357,7.4,19.49,35.9,10.3,10.7,283,3.7,1110,2200,5992,5.1,82.8,50240,73820
00ANGJ,E05000258,Hammersmith and Fulham,North End,64.6,395000,35.2,361,7.7,25.99,39.3,10.1,74.4,161,5.3,2124,4900,6646,7.4,80.4,39510,56020
00ANGK,E05000259,Hammersmith and Fulham,Palace Riverside,67.7,598750,7.8,356,8.1,12.68,34.2,19.1,0.1,122,3.9,592,2600,3848,4.4,84.4,53330,79350
00ANGL,E05000260,Hammersmith and Fulham,Parsons Green and Walham,106.4,1125000,13.6,341,7.8,23.38,37.9,11.6,44.1,215,4.7,1145,6400,5491,5.6,83.1,55720,83750
00ANGM,E05000261,Hammersmith and Fulham,Ravenscourt Park,94.5,603225,24.4,352,7.9,13.11,37.9,12.8,0,148,4.2,1858,5200,5664,6.1,79.5,45510,65710
00ANGN,E05000262,Hammersmith and Fulham,Sands End,63.9,512000,32.4,354,8.2,27.47,34.8,14.3,94.2,300,3,2418,7000,5205,6.7,82.4,44170,63490
00ANGP,E05000263,Hammersmith and Fulham,Shepherd's Bush Green,274.9,322500,33.7,351,7.7,28.08,38.9,9.8,5.3,133,5.6,2809,18100,5715,8.3,79.8,36430,51330
00ANGQ,E05000264,Hammersmith and Fulham,Town,85.9,468000,23.7,361,8.2,24.34,36.9,6.5,23,198,4.8,1388,6400,5846,6,84.3,47940,69820
00ANGR,E05000265,Hammersmith and Fulham,Wormholt and White City,70.7,375000,43.3,347,7.9,28.21,37.2,13.9,11.4,81,3.1,4282,1000,5398,10.9,82.6,31860,44740
00APGA,E05000266,Haringey,Alexandra,65.5,497500,10.7,376,7,9.86,32.2,45.7,0,160,3,1029,1600,5802,5.2,83.5,51450,69550
00APGB,E05000267,Haringey,Bounds Green,79,295000,31.7,344,7.3,22.79,34.1,16.4,0,98,4.7,3168,2000,5271,8.1,81.3,34550,44700
00APGC,E05000268,Haringey,Bruce Grove,81.8,220486,36.5,317,7.4,26.43,34.4,5.5,47.7,104,4.4,4393,2000,5454,10.9,81,30340,39330
00APGD,E05000269,Haringey,Crouch End,62.5,420000,8.8,368,7.4,11.59,33.6,18.9,0.2,222,3.3,1122,3400,6794,4.9,84.7,52070,70560
00APGE,E05000270,Haringey,Fortis Green,60.3,400000,13.5,368,7.1,9.24,32.6,25,0,143,3.1,1250,2600,6183,5,82.6,49950,67140
00APGF,E05000271,Haringey,Harringay,99.3,305000,29.1,334,7.5,25.94,36.1,29.6,0,117,4.7,2933,2400,5785,7.6,82.5,37150,48190
00APGG,E05000272,Haringey,Highgate,54.9,465000,10.7,321,7.3,14.89,33.9,39.3,0,169,3.6,834,3100,6186,4.9,85.1,53710,73250
00APGH,E05000273,Haringey,Hornsey,56.2,307500,29.6,350,7.3,17.22,33.5,12,1,161,3,2844,3500,5316,7.3,82.7,40260,52520
00APGJ,E05000274,Haringey,Muswell Hill,68.8,570000,8.8,382,7.3,10.25,33.1,28.3,0,119,3.2,974,2800,5660,4.8,84.8,53910,73580
00APGK,E05000275,Haringey,Noel Park,180.4,250000,41.6,332,7.3,31.29,35.3,7.7,59.5,117,5.9,4019,6900,5254,9.4,81.1,30620,39680
00APGL,E05000276,Haringey,Northumberland Park,112.3,183000,46.9,315,7.8,30.5,32.1,24.6,7.2,44,3.9,5508,6500,4907,15.3,80.1,25090,33120
00APGM,E05000277,Haringey,St. Ann's,67.2,249973,33.3,337,7.6,27.6,35.2,17.2,42.4,104,3.6,4004,2700,5843,10.5,81.2,32460,41990
00APGN,E05000278,Haringey,Seven Sisters,72.3,279950,25.2,327,7.9,28.57,35.1,19.4,0,95,4.3,4354,3100,5644,11.8,82.1,33500,43330
00APGP,E05000279,Haringey,Stroud Green,55,325000,23.4,350,7.7,18.1,34.5,18.2,2.2,181,3.8,1899,1200,6287,7.6,81.1,44780,59130
00APGQ,E05000280,Haringey,Tottenham Green,118.7,211000,40.4,314,7.3,28.5,36.6,11.5,49,86,5.7,4456,4200,5292,13,78.8,28920,37600
00APGR,E05000281,Haringey,Tottenham Hale,94.3,200000,41.3,318,7.8,28.83,34,27.9,1.1,77,4.2,4953,5900,5303,14,81,27340,35720
00APGS,E05000282,Haringey,West Green,67.6,296000,37.9,310,6.9,26.58,33.8,33.1,62.1,76,3.8,3984,2100,5483,10.8,82.7,31110,40290
00APGT,E05000283,Haringey,White Hart Lane,74.9,216000,44.2,327,7.1,26.94,33.1,29.3,13.5,57,3.2,5322,1100,4593,13,80,27010,35340
00APGU,E05000284,Haringey,Woodside,70.9,270000,36.3,339,7.6,23.5,33.8,28.2,54,125,4.6,3711,4700,5469,8.8,81.6,32010,41420
00AQFY,E05000285,Harrow,Belmont,37.2,367500,13.6,371,7.7,15.89,29.1,15.5,1.4,95,1.7,1150,1500,4862,3.6,85.4,42380,54020
00AQFZ,E05000286,Harrow,Canons,44,301250,20.6,358,7.4,20,27.9,59.2,3.7,172,2.7,1347,4700,4713,4,83.8,39890,50460
00AQGA,E05000287,Harrow,Edgware,57.2,275000,22.3,345,7.4,20.58,29.5,16.4,44.9,91,2.9,2016,2400,4784,5.2,84.5,33600,41980
00AQGB,E05000288,Harrow,Greenhill,130.7,235000,25.4,368,7.3,20.54,32.1,13.1,36.4,114,4,1893,17200,4959,5.2,81.7,37550,47230
00AQGC,E05000289,Harrow,Harrow on the Hill,52.6,295000,18,363,7.7,23.05,30.6,53,18.7,121,3.2,1601,4600,5498,4.9,83.5,39630,50100
00AQGD,E05000290,Harrow,Harrow Weald,50.5,277998,23.4,334,7.4,20.5,27.6,59.3,25.7,112,2.4,1803,2500,4859,4.4,82.7,36940,46390
00AQGE,E05000291,Harrow,Hatch End,39.8,368500,15.7,352,8,22.27,27.5,30.5,5.3,96,2.1,1109,2400,4862,3.5,84.5,42350,53990
00AQGF,E05000292,Harrow,Headstone North,38.7,365000,10.1,380,7.1,16.98,28.2,47.6,14.6,98,2.6,751,2000,4911,3.3,86.4,44470,57100
00AQGG,E05000293,Harrow,Headstone South,36.9,272500,19.7,372,7.5,20.07,29.7,12.2,77.6,123,3,1401,1900,5074,4.3,83.8,39090,49350
00AQGH,E05000294,Harrow,Kenton East,33.3,297500,19.8,361,7.5,22.32,30.5,8.9,52.3,50,2.4,1962,1200,4718,5.6,84.1,32880,41060
00AQGJ,E05000295,Harrow,Kenton West,42.2,320000,13.7,375,7.6,21.77,30,17.8,55.2,61,2.8,1375,3300,5195,4.3,83.8,38400,48400
00AQGK,E05000296,Harrow,Marlborough,61.8,235000,27.7,353,7.4,24.19,30.2,13.2,95.6,89,3.6,2242,3700,4852,4.4,83.2,34450,43080
00AQGL,E05000297,Harrow,Pinner,44.9,476000,15,363,7,12.8,26.9,33,0,116,1.9,1177,2800,4672,4.2,85.2,43950,56320
00AQGM,E05000298,Harrow,Pinner South,26.5,400000,8.3,367,7.4,15.21,28.1,22.1,0,117,2.1,735,1900,4795,3,88.5,49420,64680
00AQGN,E05000299,Harrow,Queensbury,35.1,283000,18.9,362,7.4,23.76,30,22,85.6,71,2.5,1802,1200,4888,4.8,82.6,35030,43850
00AQGP,E05000300,Harrow,Rayners Lane,35.6,313500,13.1,371,7.6,17.9,28.6,12.3,25.4,82,3.3,1248,2000,5181,3.9,84.4,40310,51060
00AQGQ,E05000301,Harrow,Roxbourne,49.8,225500,29.5,345,7.3,22.73,29.5,22,80.6,122,3,2784,1900,5111,6.8,83.4,32130,40110
00AQGR,E05000302,Harrow,Roxeth,57.9,250000,18.8,352,7,22.34,30.9,21.4,63.5,95,3.1,1775,1500,5261,5.2,83,35110,43940
00AQGS,E05000303,Harrow,Stanmore Park,49.7,347500,19.7,339,7.4,15.85,27.4,48.5,0,108,1.9,1662,3400,4382,4.1,84.6,39210,49520
00AQGT,E05000304,Harrow,Wealdstone,55.6,250000,28.9,336,7.2,23.29,29.3,7.1,95.1,109,3.1,2454,2200,4529,4.9,80.9,32080,40040
00AQGU,E05000305,Harrow,West Harrow,32.6,315000,21.1,341,7.7,20.64,29.7,20.6,27.9,91,3.2,1422,2500,4943,4.2,84.4,40210,50910
00ARGC,E05000306,Havering,Brooklands,72.7,201000,25.8,335,7.9,21.92,28.3,46.9,78.6,146,2.8,2020,8800,6654,4.2,79.1,35250,42630
00ARGD,E05000307,Havering,Cranham,26.5,258500,10.1,368,7.9,19.05,26.3,58.9,32.1,164,2.2,789,1600,5658,2.6,85.6,42250,51810
00ARGE,E05000308,Havering,Elm Park,43.6,200000,23.8,332,7.8,23.41,26.4,51,0,120,2.7,1651,1000,5892,3.7,82.1,34730,41990
00ARGF,E05000309,Havering,Emerson Park,40.9,310000,7.9,363,8.6,19.59,25.6,32.5,90.7,119,2,690,1900,5656,2.7,81.5,43790,53940
00ARGG,E05000310,Havering,Gooshays,77.6,168000,33.9,308,7.5,21.88,25.7,68.8,0,115,2.6,3812,2300,5739,7,79,29400,35640
00ARGH,E05000311,Havering,Hacton,37,250000,11.4,354,7.9,16.72,25.6,21,13.8,154,2.5,931,2300,6187,3.3,82.7,39740,48420
00ARGJ,E05000312,Havering,Harold Wood,65.1,214000,18.8,345,7.7,17.1,25.6,61.5,17.6,158,2.4,1567,6400,6061,3.9,81.6,37010,44860
00ARGK,E05000313,Havering,Havering Park,45.7,208000,26.6,325,7.7,22.17,24.6,78.1,1.7,112,2.1,2183,1500,5851,4.7,79.2,33590,40590
00ARGL,E05000314,Havering,Heaton,66.9,165000,33.6,320,7.1,24.83,25.8,52.1,71.4,97,2.1,2975,1800,5192,5.7,78.9,29560,35830
00ARGM,E05000315,Havering,Hylands,54.1,235000,12.7,347,7.9,16.8,26.8,26.3,47.6,139,2.1,1053,3700,6398,2.9,84.7,39890,48630
00ARGN,E05000316,Havering,Mawneys,43.3,199000,19.5,334,8,21.77,26.9,21.3,25.5,160,2.4,1509,1800,5940,3.3,84,35820,43350
00ARGP,E05000317,Havering,Pettits,39.7,250000,12.2,351,7.9,11.59,27.1,31.2,59.2,143,2.2,993,2200,6242,3,82.7,40010,48780
00ARGQ,E05000318,Havering,Rainham and Wennington,75.5,195000,22.8,327,7.2,23.97,26.7,79,24,111,2,1636,4600,6001,4.4,82.3,34470,41660
00ARGR,E05000319,Havering,Romford Town,163.1,201200,21.1,345,7.6,21.01,30.1,10,71.1,233,4.3,1882,16900,7085,4,82.6,37160,45060
00ARGS,E05000320,Havering,St. Andrew's,63.5,233500,13.5,357,7.8,18.49,26.4,16,85.3,156,3.3,1325,5500,6245,3.4,82.1,38130,46300
00ARGT,E05000321,Havering,South Hornchurch,63.1,187500,25.5,331,7.6,23.11,28,44.6,2.6,119,2.4,2144,3900,6043,5,80.2,33160,40060
00ARGU,E05000322,Havering,Squirrel's Heath,43.9,249250,13,350,7.8,22.73,27.2,14.9,87.5,180,2.6,984,2300,6052,3.4,82.8,41740,51110
00ARGW,E05000323,Havering,Upminster,47.3,345000,4.8,363,7.5,13.51,24.7,82.3,30.1,153,2,557,4200,6202,2.4,82.5,47580,59340
00ASGG,E05000324,Hillingdon,Barnhill,71.2,225000,28.4,343,7.1,27.12,29.9,26.4,0.2,87,2.4,2742,1500,5545,5.3,80.8,31800,38450
00ASGH,E05000325,Hillingdon,Botwell,89.4,190000,32.3,331,7.3,22.63,33.4,34.3,24.8,253,2.8,3276,11500,6012,5,78.1,30700,37140
00ASGJ,E05000326,Hillingdon,Brunel,75.9,226750,26.3,325,7.5,17.92,28.8,35.9,28.5,118,2.8,1835,8400,5385,3.7,80.3,34630,41900
00ASGK,E05000327,Hillingdon,Cavendish,26.8,320000,11,371,7.3,16.67,27.6,18.1,0,169,2.1,946,2200,5650,3.2,83.5,43970,54290
00ASGL,E05000328,Hillingdon,Charville,52.1,220500,22.1,345,7.3,20.78,28.5,49.8,25,140,2.2,1802,2700,5967,3.7,81.4,35410,42870
00ASGM,E05000329,Hillingdon,Eastcote and East Ruislip,37.7,399998,9.9,358,8,12.09,26.9,36.2,5.2,234,2,602,2400,5562,2.6,86.2,47380,59180
00ASGN,E05000330,Hillingdon,Harefield,58.2,243000,20.1,339,7.6,18.5,24.2,76.7,0,83,1.4,1034,4000,3663,3.6,80.1,37990,46190
00ASGP,E05000331,Hillingdon,Heathrow Villages,233.9,230000,25.6,330,7.9,23.19,37.4,52,57.8,138,2.6,1701,56800,5723,3.9,81,33170,40090
00ASGQ,E05000332,Hillingdon,Hillingdon East,53.5,249225,21.5,355,7.6,19.6,28.8,53.2,0.6,118,2,1667,5200,5997,3.2,80.9,37250,45220
00ASGR,E05000333,Hillingdon,Ickenham,31.7,389500,5.9,381,7.5,13.27,27.2,52.7,0,138,2,455,2100,4882,2.4,85,48770,61230
00ASGS,E05000334,Hillingdon,Manor,38.3,275000,10.4,355,7.5,14.85,28.3,20.1,16.5,151,3,728,1600,5716,3,83.4,43460,53570
00ASGT,E05000335,Hillingdon,Northwood,48.7,345000,9.2,389,7.6,13.86,25,62.5,9.2,151,2.2,870,5400,5267,3.6,83.8,46550,57970
00ASGU,E05000336,Hillingdon,Northwood Hills,42.8,356000,14.2,364,7.2,20.64,26.6,36.1,0,119,2.2,1262,2400,5300,3.7,83.8,43320,53380
00ASGW,E05000337,Hillingdon,Pinkwell,60.7,233000,28.7,332,7.5,23.18,35.3,34.5,100,103,2.5,2928,2500,5969,5.5,82.4,31830,38490
00ASGX,E05000338,Hillingdon,South Ruislip,50.9,250000,12.4,352,7.8,19.35,29.1,57.1,35.6,181,2.6,1362,5300,5708,3.5,81.5,40060,48910
00ASGY,E05000339,Hillingdon,Townfield,124.4,250000,30.5,336,7.8,23.01,34.2,33.6,3.2,103,2.9,3283,6600,5445,5.8,79.6,30430,36830
00ASGZ,E05000340,Hillingdon,Uxbridge North,91.8,235000,17.3,371,7.1,14.58,28.3,40.9,7.5,236,2.4,1089,11100,6150,3.1,82.8,41470,50820
00ASHA,E05000341,Hillingdon,Uxbridge South,81.9,198500,24.1,353,7.5,20.92,27.8,27.5,0,164,2.4,1660,39300,5963,3.9,80.9,34270,41450
00ASHB,E05000342,Hillingdon,West Drayton,68.6,220000,32.7,318,7.8,22.69,32.6,33.3,22.3,155,2.2,2734,2100,5695,4.4,79.1,32680,39500
00ASHC,E05000343,Hillingdon,West Ruislip,58.5,305000,11.9,362,7.2,12.68,26.4,52.1,5.6,199,2.4,827,4300,5352,3,81.9,43470,53580
00ASHD,E05000344,Hillingdon,Yeading,69.6,220000,28.9,330,7.3,23.69,31,36.4,0,106,2,3049,1300,5897,5.5,81.4,33240,40180
00ASHE,E05000345,Hillingdon,Yiewsley,88.9,218250,31.1,319,8.1,24.52,31.2,41.3,0,152,2.4,2502,7900,5742,3.9,81.3,32340,39100
00ATFY,E05000346,Hounslow,Bedfont,60,200000,26.9,332,7.5,28.25,30.8,52.6,0,119,2,2087,7900,5100,5,79.5,31870,40040
00ATFZ,E05000347,Hounslow,Brentford,75.8,290000,30,354,7.4,22.57,35.3,43.6,15.2,183,3.2,2442,11500,5533,5.8,82.6,35040,44100
00ATGA,E05000348,Hounslow,Chiswick Homefields,78.4,599975,13.6,362,7.8,16.92,34.3,33.8,4.5,178,3.6,1037,6200,5979,4.2,83,51830,68670
00ATGB,E05000349,Hounslow,Chiswick Riverside,66.5,500000,13.4,376,7.2,13.33,34.5,25.1,0,190,2.9,1104,1700,6065,4.4,84.7,49680,65260
00ATGC,E05000350,Hounslow,Cranford,75.7,248000,29.2,353,7.1,26.57,33.7,32.4,17.4,45,2.4,2508,5800,5011,6.9,81.5,30860,38790
00ATGD,E05000351,Hounslow,Feltham North,63.6,219250,22.6,338,7.5,25.94,31.7,36.6,0,92,2.9,1879,5900,4932,3.9,77.3,32850,41270
00ATGE,E05000352,Hounslow,Feltham West,67.4,196000,26.7,331,7.3,24.21,28.6,48.7,0.5,126,2.2,2707,4700,5951,4.4,82.4,34010,42760
00ATGF,E05000353,Hounslow,Hanworth,67.7,205000,32.2,333,7.7,27.13,29.7,42.2,0,83,2.5,2791,3700,5071,5.9,82.1,31150,39140
00ATGG,E05000354,Hounslow,Hanworth Park,68.7,225500,24.7,335,7.2,25.67,29.5,47.8,0,114,2.4,1626,8900,5391,4,81.3,34340,43190
00ATGH,E05000355,Hounslow,Heston Central,51.6,262500,24.1,367,7.3,29.43,33.6,18.5,82.8,70,2.9,2122,1300,5413,5.2,80.7,33580,42200
00ATGJ,E05000356,Hounslow,Heston East,53.8,250000,25.3,351,7.3,22.8,33.2,31.8,34.3,64,2.3,2075,3000,5368,5.3,83.4,34030,42790
00ATGK,E05000357,Hounslow,Heston West,95.5,180000,32.5,352,7.2,24.56,34.3,51.2,54.7,54,2.2,2974,4100,5108,6,81.6,29490,37120
00ATGL,E05000358,Hounslow,Hounslow Central,161.9,239500,19.6,346,7.4,22.19,32.4,17.8,86.3,98,4.9,1867,11800,5776,4.4,83,35830,45140
00ATGM,E05000359,Hounslow,Hounslow Heath,62.5,205500,27.3,349,7.8,24.73,30.4,52.6,43.4,86,3.1,2659,3400,5676,5.2,83.2,32530,40870
00ATGN,E05000360,Hounslow,Hounslow South,40.2,277000,9.9,366,7.8,16.57,30.6,21.7,31.4,103,2.4,962,1000,5514,2.8,85.4,39920,50720
00ATGP,E05000361,Hounslow,Hounslow West,83.2,239000,20.9,352,7,27.37,32.1,12.9,48.8,53,3.9,1788,4100,5138,4.6,78.9,31890,40060
00ATGQ,E05000362,Hounslow,Isleworth,62.5,246250,31.5,342,8,20.72,31.3,23.8,0,128,2.2,2598,4800,5643,4.9,81.1,34790,43770
00ATGR,E05000363,Hounslow,Osterley and Spring Grove,66.8,297475,15,380,7.6,15.81,32,56.9,13.1,126,2.9,999,13600,5747,3.3,83.1,42140,53890
00ATGS,E05000364,Hounslow,Syon,72.8,286750,27.3,358,8,23.59,32.2,34.2,24.5,160,3.5,2291,7800,4949,4.3,78,37040,46760
00ATGT,E05000365,Hounslow,Turnham Green,99.3,375000,16,354,7.4,15.69,36.9,16.9,0,207,4.6,1018,18200,6129,3.8,83.9,47080,61230
00AUFX,E05000366,Islington,Barnsbury,129.9,430000,36.7,316,7.7,23.44,39,14.9,67.7,165,5.5,2644,6600,5392,8.3,79,44970,62770
00AUFY,E05000367,Islington,Bunhill,155.2,445000,44.4,317,6.9,22.92,42.7,12,100,251,6.5,3075,65300,4881,9.4,81.1,39200,54080
00AUFZ,E05000368,Islington,Caledonian,126.6,345000,43,319,8.2,21.89,38.8,14.9,42.5,151,5.3,3550,15300,5512,9.6,80.4,35840,49320
00AUGA,E05000369,Islington,Canonbury,78.9,403000,41.2,296,7.6,22.68,39.1,13.3,0,172,6.1,3229,1400,4754,8.4,82.6,40590,56130
00AUGB,E05000370,Islington,Clerkenwell,149.7,455000,38.7,334,7.5,22.49,43.3,11.7,100,144,6.4,2369,46000,4889,8.1,83.9,43350,60270
00AUGC,E05000371,Islington,Finsbury Park,145.1,315000,44.5,344,7.1,27.16,38,6.9,28.3,113,6.1,4158,6300,6085,9.9,78,33620,46290
00AUGD,E05000372,Islington,Highbury East,97.6,446500,26.3,344,7.8,15.67,36.7,16.1,3.4,212,4.8,1983,3300,5577,7.3,82.3,47810,67250
00AUGE,E05000373,Islington,Highbury West,89.4,400000,33.6,328,7.6,17.67,37.2,10.8,1.5,206,6,2965,4800,6098,8.5,80.7,43800,60960
00AUGF,E05000374,Islington,Hillrise,64.7,375000,38.6,338,7.4,19.6,35.3,17.9,0,109,4.2,3160,1200,5656,10,80.1,39090,53930
00AUGG,E05000375,Islington,Holloway,84.2,328500,43.1,315,7.8,28.78,38.2,15.5,14.3,140,5.8,3813,4200,5257,10.3,80.2,35430,48760
00AUGH,E05000376,Islington,Junction,99.9,334975,32.6,321,7.7,15.77,37.6,13.8,26,120,5.7,2742,8500,5494,8.1,78.4,39470,54490
00AUGJ,E05000377,Islington,Mildmay,85.2,372500,39.6,334,7.3,24.38,38.8,11,16.6,158,5.8,3408,1500,5791,8.5,81.1,39300,54230
00AUGK,E05000378,Islington,St. George's,71.9,345000,33.9,340,7.6,22.18,36,8.9,71.9,163,4.5,2680,2400,5692,9.2,81.4,40860,56520
00AUGL,E05000379,Islington,St. Mary's,200.6,523500,35.6,312,8.1,21.81,39.9,10.3,11.3,152,6.7,2496,11700,5609,8.5,80.8,46190,64670
00AUGM,E05000380,Islington,St. Peter's,121.6,502500,38.5,326,7.5,22.86,40.5,8.8,31.7,160,5.2,2809,6800,5535,8.1,78.4,43870,61060
00AUGN,E05000381,Islington,Tollington,76.8,340000,38.8,346,7.5,24.14,36,10.7,3.5,137,4,3610,2100,6370,9.7,81.4,38090,52490
00AWGB,E05000385,Kensington and Chelsea,Colville,169,652500,34.4,370,7.9,22,41.1,8,24.2,100,5.5,1729,3700,4294,9.7,82.8,43560,87080
00AWGD,E05000387,Kensington and Chelsea,Cremorne,82,720000,32.7,361,8.1,21.1,41.5,8.9,0,105,4.2,1932,3200,4370,8.7,84.7,43920,87900
00AWGE,E05000388,Kensington and Chelsea,Earl's Court,108,530000,24.4,364,7.9,19.5,44.6,8.4,0,192,7,1374,4700,5627,7.5,82.2,44100,88300
00AWGF,E05000389,Kensington and Chelsea,Golborne,120,385250,42.7,333,7.9,20.6,45.2,32.4,0,36,4.3,3279,4600,3636,15.8,80.2,30100,59110
00AWGH,E05000391,Kensington and Chelsea,Holland,70,781290,20.5,390,7.8,16,39.6,22,0,130,5.7,901,3800,4870,5.3,89.8,54770,114140
00AWGJ,E05000392,Kensington and Chelsea,Norland,88,620000,25.2,364,7.9,23,39,12.2,27.5,112,5.6,1464,4700,4339,7.4,84.7,53430,110760
00AWGK,E05000393,Kensington and Chelsea,Notting Barns,85,488050,39.6,376,8.2,23.9,41.7,9.8,66.5,62,4,2839,4000,4059,11,81.4,36690,72150
00AWGN,E05000396,Kensington and Chelsea,Redcliffe,78,680000,11,379,8,23.9,40,23.6,0,230,6.1,851,2600,5032,5.8,86.6,54550,113600
00AWGP,E05000397,Kensington and Chelsea,Royal Hospital,120,895000,8.6,343,7.4,30.8,40.5,20.3,0.1,133,4.4,469,5300,3723,5.1,82.9,60600,129490
00AWGQ,E05000398,Kensington and Chelsea,St. Charles,97,450000,37.5,346,7.9,23.7,41.2,16.5,0.9,59,3.7,2885,2500,3882,12.3,78.3,36100,70930
00AWGR,E05000399,Kensington and Chelsea,Stanley,105,900000,14,349,7.9,18.6,42,8.2,16.7,160,5.5,582,13500,4128,4.6,83.5,54990,114710
00AXFX,E05000400,Kingston upon Thames,Alexandra,34.7,327000,10.2,369,7.3,20.56,29.7,41.7,0,95,2.1,656,2800,4799,3.2,85.2,41390,53150
00AXFY,E05000401,Kingston upon Thames,Berrylands,27.8,292500,10.7,357,7.9,8.59,29.9,10.6,0,141,2.5,849,1800,5096,3.8,81.2,42330,54530
00AXFZ,E05000402,Kingston upon Thames,Beverley,70.8,310000,16.1,364,7.8,13.07,30.3,26.8,39.5,108,2.6,1065,4800,4855,3.9,81.3,40700,52140
00AXGA,E05000403,Kingston upon Thames,Canbury,37,339325,10.1,363,7.6,12.05,30.4,10.4,3.1,259,3.8,991,4100,5408,3.2,83.4,45600,59440
00AXGB,E05000404,Kingston upon Thames,Chessington North and Hook,40.7,248000,15.2,342,7.7,23.81,28.2,30.1,61.8,107,2.3,1027,1900,4482,3,83.7,37230,47240
00AXGC,E05000405,Kingston upon Thames,Chessington South,40.9,249950,17.3,343,7.7,24.61,26.3,74.8,4.1,140,2.2,902,4500,5130,3.2,83.5,38310,48740
00AXGD,E05000406,Kingston upon Thames,Coombe Hill,46.2,480000,16.3,358,8.1,21.39,30.7,43.3,11.5,103,2.4,942,6700,4835,3.8,84,45650,59520
00AXGE,E05000407,Kingston upon Thames,Coombe Vale,22.9,359000,9.2,384,7.9,12.67,29.6,10.8,75.1,109,2.3,722,2300,4632,3.1,84.6,44320,57500
00AXGF,E05000408,Kingston upon Thames,Grove,264.4,305000,14.9,341,7.4,18.9,32.7,21,59.1,199,4.2,918,24000,4663,3.7,83.1,41410,53170
00AXGG,E05000409,Kingston upon Thames,Norbiton,56,285500,25.6,338,7.7,19.58,31.8,25.7,95.1,124,3.4,1862,3800,4580,5.2,78.8,34650,43740
00AXGH,E05000410,Kingston upon Thames,Old Malden,27,370000,14.4,365,7.6,16.38,29.6,20.9,15.5,96,2.4,889,1000,4629,2.9,85.5,41760,53680
00AXGJ,E05000411,Kingston upon Thames,St. James,30.1,335000,12.6,364,7.6,14.81,31.3,27.4,70.5,88,2.6,765,1800,4139,3.2,81.9,41850,53810
00AXGK,E05000412,Kingston upon Thames,St. Mark's,57.2,291000,10.4,386,7.6,8.74,30.1,22.5,35,217,3.7,556,3900,5966,3,83,44930,58420
00AXGL,E05000413,Kingston upon Thames,Surbiton Hill,24.3,270000,12.4,342,7.5,9.84,29.4,8,2.5,217,3.1,805,2000,5650,3.2,81.1,43160,55750
00AXGM,E05000414,Kingston upon Thames,Tolworth and Hook Rise,45.8,250000,14.6,354,7.5,15.18,30.1,35.3,38.6,101,2.2,1046,5600,5065,3.4,83.5,37840,48080
00AXGN,E05000415,Kingston upon Thames,Tudor,25.8,440500,7,391,7.4,11.62,29.9,15.6,0,126,2.3,517,1900,4281,3.4,85.9,48530,64010
00AYFZ,E05000416,Lambeth,Bishop's,237.5,402500,29.5,339,7.1,22.22,43.5,12.6,90.4,134,7.4,1639,38200,4824,8.2,80.9,40360,51170
00AYGA,E05000417,Lambeth,Brixton Hill,93.6,284000,29.9,324,7.6,20.23,36.6,8.1,40.7,190,4.9,2898,4400,7126,9.3,78.8,39050,49370
00AYGB,E05000418,Lambeth,Clapham Common,93.7,455000,19.7,351,7.7,20.23,35.8,22.8,9.5,234,4.3,1590,8100,7425,5.2,80.7,49520,64590
00AYGC,E05000419,Lambeth,Clapham Town,156,354508,26.2,346,7.6,24.45,38.1,15.2,0,247,5.2,2297,5600,7793,7.1,77.4,44960,57720
00AYGD,E05000420,Lambeth,Coldharbour,162.8,270000,43.8,341,7.5,24.34,38.3,14,35.8,96,5.3,5146,4700,6865,12.3,80.8,32220,40490
00AYGE,E05000421,Lambeth,Ferndale,140.4,333860,31.7,328,7.4,32.61,38.8,7.4,70.4,187,6.3,2939,3700,7596,9.3,80.6,39480,49960
00AYGF,E05000422,Lambeth,Gipsy Hill,77.2,246000,34.8,340,7.3,27.46,32.3,24.2,24,169,3.6,3170,1700,7051,8.8,80.3,36650,46160
00AYGG,E05000423,Lambeth,Herne Hill,104.5,330000,23.6,336,7.3,19.54,35.5,31.4,0,185,4.2,2491,10500,6577,8.9,81.4,41700,53040
00AYGH,E05000424,Lambeth,Knight's Hill,77.6,246000,31.2,354,7.9,21.33,32.7,15.7,4.8,160,3.9,3054,3100,6934,8.5,78.6,36950,46550
00AYGJ,E05000425,Lambeth,Larkhall,100.7,335000,38.5,342,7.8,28.57,37.6,16.9,86,179,5.4,3676,3800,7465,9.4,78,37260,46970
00AYGK,E05000426,Lambeth,Oval,131.5,360000,36.7,338,7.5,25.22,41.6,21.1,100,174,6.5,2640,14400,6821,8.4,80.2,39200,49580
00AYGL,E05000427,Lambeth,Prince's,123,356250,35.5,331,7.6,23.9,40.2,17.7,100,156,6,3055,11900,6088,9.5,81.1,37600,47420
00AYGM,E05000428,Lambeth,St. Leonard's,100.4,245998,25.1,360,7.6,20.91,35,7.6,0,172,5.6,2172,3800,7344,6.8,82.8,39880,50510
00AYGN,E05000429,Lambeth,Stockwell,81.3,331500,35.5,333,7.8,25.67,37.8,13.2,100,125,5.6,3262,2500,6789,10.6,80.4,35050,44070
00AYGP,E05000430,Lambeth,Streatham Hill,75.3,261250,25.1,353,8,20.87,34.7,10.7,0,248,5,2529,1700,7526,7,79.2,39250,49650
00AYGQ,E05000431,Lambeth,Streatham South,61.5,242000,26.4,339,7.5,23.87,32.4,23,1.5,113,3.6,2547,1400,6885,7,82.8,36710,46230
00AYGR,E05000432,Lambeth,Streatham Wells,64.8,227500,29.6,340,7.5,20.94,33.9,16.4,3.7,158,4.3,2597,2300,7234,8.6,79.4,38270,48320
00AYGS,E05000433,Lambeth,Thornton,51.4,420000,29.5,364,7.8,26.58,34.9,15.5,18.4,164,3.2,2470,1200,6908,7.6,84.4,41880,53300
00AYGT,E05000434,Lambeth,Thurlow Park,75.4,305000,23.5,347,7.6,18.18,34.8,18.4,0,179,4.8,2071,2200,6152,6.4,82.3,41600,52900
00AYGU,E05000435,Lambeth,Tulse Hill,78.7,250000,38.3,338,7.5,27.1,35.5,14.7,0,132,4.4,3961,1500,6912,10.4,81.1,35610,44800
00AYGW,E05000436,Lambeth,Vassall,88.7,318750,38.9,329,7,27.73,37.4,18.6,85.4,178,4.5,3836,4500,6380,10.6,81.9,34830,43790
00AZGD,E05000437,Lewisham,Bellingham,80.5,205000,37.6,301,7.5,28.17,31.2,45.4,0,109,2.9,4118,4000,6229,8.8,79.7,31340,37860
00AZGE,E05000438,Lewisham,Blackheath,78.8,350000,23.3,346,8.1,22.56,34.3,35.3,0,183,4.8,2233,4500,7380,6.2,81.5,44870,55200
00AZGF,E05000439,Lewisham,Brockley,88.9,250000,29.7,315,7.4,24.81,36.5,15,21,226,5.3,3009,4400,7321,9.6,79.7,38100,46130
00AZGG,E05000440,Lewisham,Catford South,45.9,242000,23.8,338,7.5,23.5,31.2,3.6,6.3,127,3.2,2248,2900,7321,6.2,81.1,39070,47390
00AZGH,E05000441,Lewisham,Crofton Park,56.5,280000,20.6,335,7.5,19.6,33.7,19.6,9.2,207,3.8,2150,2000,7598,6.5,83.3,42560,52020
00AZGJ,E05000442,Lewisham,Downham,80.5,184250,37.6,314,7.3,26.72,30.3,31.5,0,104,3.1,4112,1900,6033,7.8,82.3,30880,37320
00AZGK,E05000443,Lewisham,Evelyn,70.7,188000,41.9,313,8,27.02,34.2,23.4,41.3,89,3.1,4682,2300,6366,12.9,79.3,30560,36950
00AZGL,E05000444,Lewisham,Forest Hill,79.1,242500,23.8,325,7.6,22.03,33.1,14.7,0,173,3.6,2454,2600,7435,7.7,80.4,40960,49880
00AZGM,E05000445,Lewisham,Grove Park,51.7,214000,28.6,325,7.8,24.21,30.7,22,16.9,129,3.1,3000,1700,7099,6.6,80.6,36150,43660
00AZGN,E05000446,Lewisham,Ladywell,56.2,277500,24.2,341,7.9,26.85,33.5,24.9,0,163,4.2,2231,1300,6847,6.9,81.1,40290,48990
00AZGP,E05000447,Lewisham,Lee Green,59.1,284000,19,342,7.5,18.8,31.9,12.8,11.4,181,3.3,2048,2500,6456,6.4,82.4,42760,52300
00AZGQ,E05000448,Lewisham,Lewisham Central,129.3,200000,34.8,331,8,25.26,35,14.4,8.6,311,4.9,3247,11600,7160,8,78.1,35760,43180
00AZGR,E05000449,Lewisham,New Cross,114.6,218500,35.3,309,7.7,27.47,35.6,19.7,68.9,96,4.3,3915,6000,7432,11.4,76,31520,38070
00AZGS,E05000450,Lewisham,Perry Vale,58.1,255000,29.7,316,7.8,23.97,32,12.3,17.4,184,3.3,2980,1200,7550,7.1,82.3,39130,47470
00AZGT,E05000451,Lewisham,Rushey Green,115.2,205000,31.2,308,7.3,20.05,34.2,24.6,1.1,120,4.9,2880,6900,6964,8.5,81.3,34670,41830
00AZGU,E05000452,Lewisham,Sydenham,68.8,247000,31.7,316,7.7,27.49,32,15.4,0,177,3.9,3311,2200,7544,8.8,78.6,37060,44810
00AZGW,E05000453,Lewisham,Telegraph Hill,58.2,241500,30.4,314,7.3,23.4,35.2,18.3,47.8,152,4.5,3267,2100,7495,10.1,81.5,37230,45020
00AZGX,E05000454,Lewisham,Whitefoot,74.2,195000,34,319,7.8,24.88,30.6,28.4,0,122,2.7,3561,1100,5995,7.6,83,32840,39620
00BAFX,E05000455,Merton,Abbey,73.9,375000,16.5,353,7.3,14.75,33.7,15.3,0,173,5.1,1061,10500,5880,4.2,81.5,45370,62540
00BAFY,E05000456,Merton,Cannon Hill,36.2,335000,9.1,376,8,22,30.2,40.1,0,88,2.6,691,1100,4784,3.9,85.3,42320,57720
00BAFZ,E05000457,Merton,Colliers Wood,73.9,240500,17.6,345,7.8,17.26,33.2,13.7,0,150,4.1,1341,3100,5445,5.4,82,38780,52340
00BAGA,E05000458,Merton,Cricket Green,60.2,187375,30.4,330,7.4,24.01,31.1,48,0,68,3.2,2738,5300,4635,8.3,80.2,29930,39970
00BAGB,E05000459,Merton,Dundonald,58,392675,6.3,396,7.7,11.92,33.1,10.1,21.5,202,4.5,444,5300,5751,2.8,85.1,49910,70060
00BAGC,E05000460,Merton,Figge's Marsh,76.7,210000,27.9,342,7.8,26.96,33.6,23.7,11.1,70,3.7,2323,1800,4754,6.4,79.8,30860,41200
00BAGD,E05000461,Merton,Graveney,52.8,249500,17.9,365,7.4,27.16,31.9,9.6,47.2,87,3.4,1152,1200,5036,5.7,83.4,35580,47680
00BAGF,E05000463,Merton,Lavender Fields,51.1,210000,24.9,342,7.4,25.48,31.5,19,4.2,107,2.6,1811,1300,5260,6.3,81.7,33360,44570
00BAGG,E05000464,Merton,Longthornton,55.1,228500,20.1,356,7.5,23.5,31.2,32.8,21.4,81,2.8,1600,900,4908,5.8,81.3,34350,45940
00BAGH,E05000465,Merton,Lower Morden,30,250000,10.2,369,7.5,18.15,29.5,33.9,9.6,96,2.2,745,1700,4516,3,82.6,38730,52260
00BAGJ,E05000466,Merton,Merton Park,53.7,394000,8.8,373,8.1,11.46,32.2,19.6,4.4,136,3.9,617,3400,4870,3.2,85.1,46300,64060
00BAGK,E05000467,Merton,Pollards Hill,59.8,220000,29.6,345,7.7,26.2,31,52.2,0,71,2.7,2011,700,4737,6.3,82,31940,42640
00BAGL,E05000468,Merton,Ravensbury,57,219950,27,339,7.4,24.21,31.5,34,2.6,83,3.2,2026,1900,4282,5.3,79.1,32330,43160
00BAGM,E05000469,Merton,Raynes Park,44.9,364351,9.5,374,7.7,11.83,31.4,23.1,67.5,212,3.4,739,3400,4964,3.7,80.4,49340,69100
00BAGN,E05000470,Merton,St. Helier,46.1,209995,24.9,341,7.7,21.77,30.2,40.4,6.6,147,3,1891,1700,4169,5.1,80.4,32530,43430
00BAGP,E05000471,Merton,Trinity,75.5,360000,11.4,340,7.4,17.14,32.1,15.7,7.4,207,3.8,773,6600,5539,3.8,81.6,47380,65820
00BAGR,E05000473,Merton,West Barnes,54.6,327000,10.1,375,7.9,18,30.9,31.1,3,153,2.6,814,3900,5176,3,83,44170,60630
00BAGS,E05000474,Merton,Wimbledon Park,48,580000,8.9,378,7.8,13.3,32.6,23.8,15.7,178,3.2,629,4700,5631,3.4,84.7,50730,71450
00BBGB,E05000475,Newham,Beckton,113.6,242000,30.3,333,7.7,21.4,32,41.1,10.5,119,2.8,3983,9700,5782,10.3,80.9,34100,40180
00BBGC,E05000476,Newham,Boleyn,79.1,214000,30.2,345,7.5,29.07,32.6,6.8,49.8,58,4.2,4258,2400,4955,9.5,82.9,31630,37370
00BBGD,E05000477,Newham,Canning Town North,104.1,187500,37.8,332,7.2,29.55,34.1,25.1,0.7,58,4.4,4573,7400,4696,12.8,79.6,28910,34390
00BBGE,E05000478,Newham,Canning Town South,69.3,200000,38.9,319,7.6,27.8,35.8,18,51.7,65,3.6,4003,2000,4319,12,79.1,32870,38770
00BBGF,E05000479,Newham,Custom House,121.7,195000,33.6,314,7.9,26.52,33.9,24.4,25.9,53,2.9,3828,2700,5168,9.8,76.8,31840,37610
00BBGG,E05000480,Newham,East Ham Central,111.7,212000,26.3,333,7.9,26.13,33.9,11,80.8,83,4.7,3581,4200,4864,11.3,81.7,32380,38210
00BBGH,E05000481,Newham,East Ham North,59,229500,29.2,349,7.8,24.89,32.4,12,84.5,32,4.4,3623,1700,4239,12.2,78.6,32340,38170
00BBGJ,E05000482,Newham,East Ham South,68.8,190000,33.3,332,7.4,26.55,35.2,36.7,0,100,2.6,4335,2100,5242,9.8,80,31430,37150
00BBGK,E05000483,Newham,Forest Gate North,70.7,220000,30.7,324,7.6,24.31,32.6,13.7,32.6,92,3.1,3697,1500,5641,9.9,80.6,34270,40370
00BBGL,E05000484,Newham,Forest Gate South,85.7,227750,27.5,330,8.1,27.7,33.7,3.3,72.2,86,3.8,4088,3400,5901,12.9,77.8,34550,40710
00BBGM,E05000485,Newham,Green Street East,62.5,210000,28.6,327,7.8,25.82,33.3,1.5,50.5,53,3.8,3935,1700,4901,13,82.5,31570,37310
00BBGN,E05000486,Newham,Green Street West,69.9,233750,28.7,318,7.4,20.77,32.9,5.9,93.7,54,4,3925,3600,4717,13.8,81.7,31080,36760
00BBGP,E05000487,Newham,Little Ilford,72.4,181000,35.6,339,7.8,26.53,32.7,44.7,18.6,78,2.7,5251,1800,4940,14.7,78.8,29730,35280
00BBGQ,E05000488,Newham,Manor Park,65.4,210000,31.2,331,7.9,26.05,32.8,29.6,0.8,55,3.9,4341,1700,4694,12.1,78.9,31580,37310
00BBGR,E05000489,Newham,Plaistow North,68.7,195000,34.1,329,7.5,23.73,33,11.7,20,43,4.2,4345,1700,5299,11.8,81.6,30740,36380
00BBGS,E05000490,Newham,Plaistow South,90.6,192000,32.7,338,8.1,27.61,35,19.1,0.7,87,4.4,3956,4800,5286,9.3,80.8,31750,37500
00BBGT,E05000491,Newham,Royal Docks,59,242000,32.3,329,8.2,31.35,31.8,15,59,107,2.5,2055,6000,2982,10.7,81.9,38580,45530
00BBGU,E05000492,Newham,Stratford and New Town,221.6,228000,32.6,325,7.4,23.04,34.6,19.8,47.7,220,5.4,3801,15400,5513,11.9,80.4,35840,42220
00BBGW,E05000493,Newham,Wall End,52.1,220000,29.6,328,8,24.32,33.8,29.8,60.9,78,3.7,3869,1000,5255,10.8,81,32330,38150
00BBGX,E05000494,Newham,West Ham,63.1,233000,35.1,322,7.9,27.22,34,25.3,25.1,73,4.7,3971,2600,5517,10.9,81,32310,38130
00BCFY,E05000495,Redbridge,Aldborough,70.2,250000,19.4,350,7.6,21.43,27.4,75.3,34.5,117,2.6,2426,3900,5569,5,80.2,37310,45980
00BCFZ,E05000496,Redbridge,Barkingside,53,282500,15.1,376,7.7,21.51,30.9,4.2,51.3,112,3.3,1575,2200,5278,4.7,86.1,39620,49040
00BCGA,E05000497,Redbridge,Bridge,55.1,275000,20.2,328,7.3,17.89,30.1,36.9,5.8,139,2.2,1663,1800,5747,4.4,84.1,39320,48640
00BCGB,E05000498,Redbridge,Chadwell,63.9,230000,26.5,348,7.9,27.39,29,9.7,64.8,133,2.5,2539,2200,5435,4.3,80.4,36700,45180
00BCGC,E05000499,Redbridge,Church End,65.5,270000,11.2,365,7.8,15.6,33.2,12.7,0,219,2.8,783,3900,5245,3.5,83,45410,57150
00BCGD,E05000500,Redbridge,Clayhall,46.9,326750,12.1,381,7.9,23.14,31.1,24.8,41.8,110,2.3,1511,3200,5692,4,84.4,41450,51550
00BCGE,E05000501,Redbridge,Clementswood,133.3,224995,34.8,337,7.7,20.88,32.1,7,12.4,63,3.4,3884,8500,4482,9.2,81.3,30230,37160
00BCGF,E05000502,Redbridge,Cranbrook,67.5,325000,18.7,353,7.9,18.66,32.9,36.8,1.6,92,3.8,2076,2700,5582,5.7,81.1,38290,47260
00BCGG,E05000503,Redbridge,Fairlop,67.3,249995,20.1,341,7.7,26.47,27.9,50.3,29.8,153,2.9,1913,3900,5057,5.3,82.1,37560,46300
00BCGH,E05000504,Redbridge,Fullwell,59.7,270000,25.5,346,6.8,26.26,29,26,21.6,117,2.3,2528,1800,5174,5.3,84.5,35690,43880
00BCGJ,E05000505,Redbridge,Goodmayes,63.8,233000,28.8,332,7.9,22.49,30,23,2.1,95,3.6,2816,1900,5430,6.9,81.1,33820,41520
00BCGK,E05000506,Redbridge,Hainault,53.8,211000,30.5,317,8,26.17,26.1,63.9,20,126,2.5,3039,3100,4859,5.6,80,31520,38700
00BCGL,E05000507,Redbridge,Loxford,84.5,220000,39.2,333,7.9,25.71,34.2,19.6,0,75,3.4,5189,3100,5417,9.5,78.8,28500,35150
00BCGM,E05000508,Redbridge,Mayfield,59,260000,23.3,332,7.7,23.12,30,15.3,5.1,100,2.7,2444,1900,5213,5.2,82.4,35630,43790
00BCGN,E05000509,Redbridge,Monkhams,42.5,398500,5.7,377,7.9,12.32,29,35,0,158,2.6,619,2800,4917,3.3,83.1,48780,62140
00BCGP,E05000510,Redbridge,Newbury,50.9,250000,23.9,365,7.5,22.38,30.7,21.9,40.6,93,3.2,3340,3900,6000,6.3,84.1,35550,43690
00BCGQ,E05000511,Redbridge,Roding,53.3,302000,20.6,343,7.7,21.28,34.4,35.5,0,128,2.4,1693,2100,5533,4.8,83.3,41040,50980
00BCGR,E05000512,Redbridge,Seven Kings,84.8,250000,26.1,349,8,26.11,29.3,24.2,45.6,85,3.1,2847,5600,5557,6.6,81.6,34480,42350
00BCGS,E05000513,Redbridge,Snaresbrook,56.1,262500,10.1,343,7.8,13.79,32.2,18.7,0,197,3.7,1104,3100,5655,3.9,82.7,45160,56800
00BCGT,E05000514,Redbridge,Valentines,100.8,242750,24.8,360,7.6,24.56,32.7,9.6,0,76,4.4,3098,5200,5493,8.7,81.1,34900,42870
00BCGU,E05000515,Redbridge,Wanstead,72.8,410000,10.2,359,8.2,18.59,31.7,61.9,0,138,2.5,1108,1000,5958,4.3,83,46370,58560
00BDFW,E05000516,Richmond upon Thames,Barnes,55.3,867500,9.2,335,8,14.66,34,31.6,0,152,3.2,795,2400,4880,4.2,85.3,55450,80160
00BDFX,E05000517,Richmond upon Thames,East Sheen,46.9,705000,4.7,374,7.8,7.59,30.3,73.9,0,202,2.5,420,3400,4996,2.9,86.4,56090,81320
00BDFY,E05000518,Richmond upon Thames,Fulwell and Hampton Hill,43.8,405000,7.1,380,7.8,8.96,29.8,31.1,8.5,181,3,718,5100,5209,3.2,82.4,48810,68550
00BDFZ,E05000519,Richmond upon Thames,"Ham, Petersham & Richmond Riverside",45.8,383500,15.8,337,7.3,13.19,29.4,76.6,0,132,2.1,1194,2700,4733,4.9,82.8,44870,62050
00BDGA,E05000520,Richmond upon Thames,Hampton,50.7,390000,10,379,7.5,14.58,28,60,30.4,172,2.6,712,4200,4840,3,82.7,46750,65120
00BDGB,E05000521,Richmond upon Thames,Hampton North,50.6,286250,21,326,7.4,19.74,28.6,25.5,7.9,126,2.2,1220,1800,4673,3.9,82.6,39440,53560
00BDGC,E05000522,Richmond upon Thames,Hampton Wick,49.5,387500,9.6,366,8,10.14,29,42.7,2,214,2.5,736,3100,4736,3.6,84.4,46760,65130
00BDGD,E05000523,Richmond upon Thames,Heathfield,43.7,300000,22.6,344,8.2,18.89,30.5,26.6,3.5,90,2,1465,1000,4718,4,82.7,36950,49870
00BDGE,E05000524,Richmond upon Thames,Kew,56.6,500000,8.7,365,7.9,12.61,31.9,46.6,37.9,198,3.1,744,4200,5133,3.3,86.9,52130,74260
00BDGF,E05000525,Richmond upon Thames,Mortlake and Barnes Common,62.3,545000,11.2,350,8.3,11.33,34,35.7,0,245,3.1,956,2500,5583,4.2,84.7,50100,70740
00BDGG,E05000526,Richmond upon Thames,North Richmond,53,535000,10.5,351,7.9,11.16,31.9,52.1,41.7,155,4.4,890,3800,5381,3.9,85.9,50860,72050
00BDGH,E05000527,Richmond upon Thames,St. Margarets & North Twickenham,50.9,471750,5.5,377,7.5,8.91,31.9,19.7,20.2,212,3,491,4200,5765,3,85.4,52870,75550
00BDGJ,E05000528,Richmond upon Thames,South Richmond,113.1,487250,6.4,348,7.5,9.87,31.9,46.3,0,204,4.1,629,13400,5813,3.6,84,52690,75230
00BDGK,E05000529,Richmond upon Thames,South Twickenham,42.9,389000,3.7,386,7.8,8.7,30.3,23.2,2.2,171,3.4,464,4000,5145,3.3,85.6,51380,72960
00BDGL,E05000530,Richmond upon Thames,Teddington,48.1,383750,5.8,384,7.9,5.93,28.4,62.1,13.4,180,3,484,7600,5436,2.9,83.3,50600,71610
00BDGM,E05000531,Richmond upon Thames,Twickenham Riverside,74.4,450000,5.9,379,7.6,7.57,31.4,25.2,0,195,4.2,477,8200,5803,3.5,82.9,51350,72910
00BDGN,E05000532,Richmond upon Thames,West Twickenham,43,340000,9.7,351,7.7,10.8,30,44.5,0.1,190,2.7,872,2100,5452,3.9,83.6,45040,62320
00BDGP,E05000533,Richmond upon Thames,Whitton,40.9,315750,12.1,372,7.8,14.55,30.9,19.2,35.5,94,2.4,936,1300,4755,2.8,82.6,42230,57850
00BEGC,E05000534,Southwark,Brunswick Park,96.2,340000,30.3,345,7.7,27.44,37.5,13.1,7.3,105,4,3007,6900,5369,10.2,80.2,36310,46940
00BEGD,E05000535,Southwark,Camberwell Green,104.6,226000,32.7,343,7.5,31.69,39.9,11.3,0.6,77,5.6,3854,6800,5911,12.5,77.4,31840,41140
00BEGE,E05000536,Southwark,Cathedrals,198.5,437500,33.2,340,7.2,22.78,44.1,11.9,100,206,7.7,2517,57000,6270,9,79.9,40430,52610
00BEGF,E05000537,Southwark,Chaucer,132.2,302000,35.1,349,8.1,23.26,42.3,21.7,100,152,6.5,2711,16100,6113,8.9,82.1,37780,48920
00BEGG,E05000538,Southwark,College,83.1,266500,27.2,329,7.4,24.72,32.6,48,2.2,124,3.2,1932,1800,5222,7.2,83.4,42600,55720
00BEGH,E05000539,Southwark,East Dulwich,68.9,410000,13.3,343,7.8,19.31,34.3,2.6,10.6,212,4.1,1537,2500,6180,5.4,82.3,48670,64860
00BEGJ,E05000540,Southwark,East Walworth,164.7,216000,34.1,317,7.3,35,40.5,26.5,28.4,53,5.6,3277,3500,5607,11.6,80.4,31010,40110
00BEGK,E05000541,Southwark,Faraday,90.5,211000,35.1,334,7.9,30.19,38.8,35,0,29,4.4,3463,1500,5541,13.6,81.6,30760,39800
00BEGL,E05000542,Southwark,Grange,116.6,320000,35.7,333,7.8,27.14,39,14.5,60.5,270,4.8,2815,17600,6051,10.4,78.6,38500,49920
00BEGM,E05000543,Southwark,Livesey,92.3,210000,43,331,7.7,31.65,36.6,13,41.5,48,4.2,4108,4100,5156,13.2,81.8,28880,37520
00BEGN,E05000544,Southwark,Newington,98.4,307000,33.8,343,7.6,26.65,39.3,18.9,59.2,213,5.9,3491,7200,6031,10.9,81.1,34190,44150
00BEGP,E05000545,Southwark,Nunhead,71.4,250000,34,346,8,24.8,34.7,29.2,49.2,116,4.4,3409,1300,4832,11.5,77.7,33540,43310
00BEGQ,E05000546,Southwark,Peckham,90.1,190000,35.5,339,7.7,30.14,37.1,15.1,16.5,69,4.1,4013,1500,4790,14,78.5,30030,38900
00BEGR,E05000547,Southwark,Peckham Rye,60.5,300000,21.7,358,7.7,19.69,33.6,47.3,0,216,3.4,2059,1400,6054,7.1,81.9,42820,56040
00BEGS,E05000548,Southwark,Riverside,133.4,445000,34.4,342,8.4,24.06,38.9,9.6,48.8,241,4.6,2191,43200,6044,8.2,81.7,43110,56470
00BEGT,E05000549,Southwark,Rotherhithe,107.3,342694,35.5,326,7.5,31.6,36.1,29.7,0,196,4.8,2700,5900,5884,7.4,80.3,36970,47830
00BEGU,E05000550,Southwark,South Bermondsey,93.2,215000,35.1,336,8.3,29.64,38.6,18,0,105,3.6,3030,2300,5639,9.4,81.5,31150,40280
00BEGW,E05000551,Southwark,South Camberwell,59.6,285000,26.6,341,7.4,23.88,34.7,28.5,28.8,170,4.3,2026,2800,5803,9.3,83.8,41130,53610
00BEGX,E05000552,Southwark,Surrey Docks,62,310000,23.6,294,7.9,23.2,34,19.9,0,224,2.7,1533,3500,7305,5.2,80.4,45410,59870
00BEGY,E05000553,Southwark,The Lane,127.6,320500,31.2,331,7.5,29.21,37,10.3,50,182,5.6,3319,4200,5706,10.2,81.1,37940,49140
00BEGZ,E05000554,Southwark,Village,70,650000,8.1,376,7.7,11.97,34.2,30.7,17.1,165,3.7,895,2800,5329,4.2,84.8,58400,80780
00BFGC,E05000555,Sutton,Beddington North,61.1,240000,12.1,359,7.9,20.41,29.1,42.7,2.2,121,2.6,908,8900,5417,3.2,83.3,39290,48270
00BFGD,E05000556,Sutton,Beddington South,63,345000,30.9,349,7.6,21.81,28.2,39.7,3.1,73,2,1786,2100,4746,6,82.3,35600,43390
00BFGE,E05000557,Sutton,Belmont,29.7,260000,11.3,381,8.2,17.23,27.8,14.7,9.6,158,2.1,810,3700,5352,3.4,83.2,44260,55230
00BFGF,E05000558,Sutton,Carshalton Central,47.9,249000,12.8,371,7.7,13.07,29.3,23.2,29.2,151,3.1,671,2800,5237,3.2,83.5,42200,52290
00BFGG,E05000559,Sutton,Carshalton South and Clockhouse,34.4,340000,11.8,370,8.1,14.57,26.9,67.1,37.1,89,2,747,1600,4918,2.7,83,44270,55240
00BFGH,E05000560,Sutton,Cheam,34,375000,6.9,382,7.8,12.54,27.5,24,8.4,130,2,559,3400,4757,2.1,82.9,46220,58070
00BFGJ,E05000561,Sutton,Nonsuch,40.4,310000,7.7,380,7.9,10.69,28.6,9.4,7.5,128,2.2,600,2600,5234,2.2,86.2,42640,52920
00BFGK,E05000562,Sutton,St. Helier,61.9,191375,28.1,326,7.8,26.53,30.2,23,2.3,82,2.9,2481,4000,4839,5.6,80.8,31040,37720
00BFGL,E05000563,Sutton,Stonecot,41.4,260000,9.6,366,8.1,20.3,29.8,21.3,74.1,109,2.4,756,2700,5517,2.7,81.4,39210,48160
00BFGM,E05000564,Sutton,Sutton Central,154.1,192500,21.7,354,7.9,20.64,30.4,11.4,88,146,4.2,1554,18200,5611,3.9,81.3,35660,43470
00BFGN,E05000565,Sutton,Sutton North,46.6,235000,15.6,358,7.9,20.19,29.5,24.8,58.4,107,3.1,1065,1400,5021,3.8,82.9,38060,46630
00BFGP,E05000566,Sutton,Sutton South,38.3,199950,14.9,378,8,18.23,28,13.1,16.2,175,3.3,931,2900,4990,3.2,80.5,40460,49870
00BFGQ,E05000567,Sutton,Sutton West,30.9,212250,10.3,375,8,17.15,29.4,23.7,42.6,152,3.4,684,1800,5865,2.8,81.9,41610,51470
00BFGR,E05000568,Sutton,The Wrythe,51.4,226000,15.9,348,7.6,23.99,29.2,16.3,17.3,118,2.5,1335,1700,5408,3.8,80,36790,44940
00BFGS,E05000569,Sutton,Wallington North,59.6,194995,14.6,373,8,15.69,29.7,20.1,6.5,217,3.3,1102,3400,5420,3.3,82.4,38710,47500
00BFGT,E05000570,Sutton,Wallington South,59,219750,18.1,382,8,24.51,29.1,11.2,87.7,142,3.2,1327,3300,4896,3.3,82.6,37960,46490
00BFGU,E05000571,Sutton,Wandle Valley,52.7,186025,28.3,340,8,22.77,29.7,39.2,0,110,2.2,2427,2400,5254,5.6,79.9,32330,39290
00BFGW,E05000572,Sutton,Worcester Park,32.4,260950,14,375,8,18.24,28.9,25.5,42,226,2.3,908,2800,5429,2.7,84.1,40610,50070
00BGFW,E05000573,Tower Hamlets,Bethnal Green North,118,275000,45.6,336,8.1,25.7,38.3,13,1.9,100,6,4282,4900,4904,11.2,78.2,36230,47380
00BGFX,E05000574,Tower Hamlets,Bethnal Green South,128,245000,46,327,7.7,24.7,38.3,18.8,77.3,82,6.7,4992,3400,5353,13.5,79.3,32860,43160
00BGFY,E05000575,Tower Hamlets,Blackwall and Cubitt Town,52,333000,39.7,320,7.8,25.5,35.9,6.3,12.2,399,3.5,4013,21300,6546,8.2,81.8,43330,56890
00BGFZ,E05000576,Tower Hamlets,Bow East,101,240875,48.3,331,7.8,24.8,37.5,31.5,0,212,3.7,3573,5800,4185,9.3,79.3,36800,48110
00BGGA,E05000577,Tower Hamlets,Bow West,118,289000,34.3,335,8,22.8,35.5,38.1,0,139,5.4,3429,2500,5232,8.7,80.8,41000,53680
00BGGB,E05000578,Tower Hamlets,Bromley-by-Bow,77,240000,46.5,340,7.1,24.2,37.4,14.5,0,234,4.3,5388,3700,3956,16.3,81.3,31980,42100
00BGGC,E05000579,Tower Hamlets,East India and Lansbury,90,233750,48.8,325,7.7,24.5,37.9,22.2,49.3,84,3.4,6338,2700,4140,15,78.2,29680,39370
00BGGD,E05000580,Tower Hamlets,Limehouse,79,275000,43.7,324,8.3,28.1,38.8,14.1,24.4,177,4.5,5123,3900,5343,10.7,77.5,36260,47410
00BGGE,E05000581,Tower Hamlets,Mile End and Globe Town,88,249999,45.3,343,8.1,24.4,37.2,17.1,0,111,5.5,4245,7500,4532,10.5,78.6,34300,44940
00BGGF,E05000582,Tower Hamlets,Mile End East,83,237000,46.1,342,7.7,30,35.7,25.2,0,161,5.3,4908,3400,4393,14.2,80,32510,42740
00BGGG,E05000583,Tower Hamlets,Millwall,69,340000,38.3,334,7.8,25.9,34.1,8.4,36.8,730,3.4,3303,106700,7629,7.1,82.7,46940,62060
00BGGH,E05000584,Tower Hamlets,St. Dunstan's and Stepney Green,71,272000,44.1,352,7.5,26.1,36.1,15.9,26.5,105,5,6378,2600,4365,13.6,78.9,32930,43240
00BGGJ,E05000585,Tower Hamlets,St. Katherine's and Wapping,92,379250,31.2,349,7.6,20.6,38.8,14,99.6,216,3.8,2279,15700,6494,7.3,81.5,50770,67760
00BGGK,E05000586,Tower Hamlets,Shadwell,86,320000,47.2,343,8,26.6,40.3,11.9,55.1,156,5.1,4929,3400,4777,13.4,81.2,36360,47540
00BGGL,E05000587,Tower Hamlets,Spitalfields and Banglatown,225,380000,37.3,347,7.1,24.8,42.2,6,100,119,6.4,3245,24700,3345,13.2,79.8,39910,52210
00BGGM,E05000588,Tower Hamlets,Weavers,141,326500,45.6,338,7.7,26.9,38.9,23.5,13.8,102,5.1,3870,3800,4667,13.3,79,37760,49350
00BGGN,E05000589,Tower Hamlets,Whitechapel,114,310000,41.3,349,7.7,25.7,42.3,8.9,100,215,6.3,4225,21600,4876,11.4,77,37600,49140
00BHFX,E05000590,Waltham Forest,Cann Hall,61.4,215000,31.4,311,7.8,24,32.7,7.1,8,75,2.9,3244,1600,5260,8.6,79.5,32700,39010
00BHFY,E05000591,Waltham Forest,Cathall,65.9,232500,34.7,331,7.6,25.12,35.5,22.7,59.4,62,4.6,3235,1400,4952,10.1,81.5,30950,36980
00BHFZ,E05000592,Waltham Forest,Chapel End,73.7,239250,25.6,327,7.8,22.72,32.8,32.1,26.6,160,2.9,2423,3900,5609,5.7,83.4,36440,43550
00BHGA,E05000593,Waltham Forest,Chingford Green,71,273748,21.7,356,8.1,17.78,27.6,57.6,0,118,2.7,1413,3400,4530,4.2,82.1,39280,47150
00BHGB,E05000594,Waltham Forest,Endlebury,56.5,286500,22.9,335,7.5,19.69,29.1,21.4,0,116,2.3,1478,1100,5072,4.3,85.6,38580,46250
00BHGC,E05000595,Waltham Forest,Forest,92.2,250000,20.4,337,7.7,22.78,32.3,38.8,26.2,98,4.1,2314,6100,5223,7.8,81.5,36080,43100
00BHGD,E05000596,Waltham Forest,Grove Green,61.5,212000,21.1,331,7.4,30.79,35,4.2,97.9,131,4.2,2279,1000,5977,8.1,83.5,36350,43440
00BHGE,E05000597,Waltham Forest,Hale End and Highams Park,62.2,275500,24.3,350,7.8,19.77,31.8,42.7,0,103,2.4,1898,5400,5013,4.9,83.5,39490,47420
00BHGF,E05000598,Waltham Forest,Hatch Lane,62.7,242500,27,347,7.7,18.09,29.2,37.4,0,129,2.4,2135,1500,4577,5.7,80.4,36110,43140
00BHGG,E05000599,Waltham Forest,High Street,157.2,217250,26.6,340,7.6,24.42,31.6,30.5,97.2,162,4.2,2754,3500,5866,6.8,82.6,34810,41540
00BHGH,E05000600,Waltham Forest,Higham Hill,63.4,191375,35.7,320,8,26.76,31.1,28,36.5,114,2.6,3653,3100,5040,8.4,80.9,31270,37350
00BHGJ,E05000601,Waltham Forest,Hoe Street,101.8,250000,28.2,337,7.5,25.71,32.9,14.6,90.4,133,5.1,3097,2600,5757,9,79.7,34890,41630
00BHGK,E05000602,Waltham Forest,Larkswood,59.1,250000,26.8,351,7.8,20.41,30,32.7,6,117,2.8,2173,2100,5180,4.9,82.3,35170,41980
00BHGL,E05000603,Waltham Forest,Lea Bridge,95.4,201500,29.3,331,7.9,23.58,33.1,37.3,73.3,114,3.6,3434,5100,5967,9.7,78.1,31450,37560
00BHGM,E05000604,Waltham Forest,Leyton,92.1,198000,36.4,317,7.8,22.59,33.5,28,96.6,84,3.8,3686,5100,5502,10.4,80.5,31040,37090
00BHGN,E05000605,Waltham Forest,Leytonstone,95.5,249998,22.5,345,7.3,17.77,37.7,9,12.4,92,4.9,2049,3600,5748,6.6,80.6,38700,46400
00BHGP,E05000606,Waltham Forest,Markhouse,80.3,220000,30.9,336,8,25,31.5,31.7,99.8,115,4,3228,1800,5201,8.7,81.2,33780,40300
00BHGQ,E05000607,Waltham Forest,Valley,122.8,205500,29.3,337,7.7,24.21,32.9,20.6,20.1,124,2.4,2376,3200,5113,5.5,83,34250,40860
00BHGR,E05000608,Waltham Forest,William Morris,54.9,218000,32.9,343,7.4,23.41,32.1,5.4,91.7,141,3.3,3063,2100,5642,7.4,80.4,35070,41860
00BHGS,E05000609,Waltham Forest,Wood Street,81.3,250000,29,331,7.8,24.37,31.9,38.5,4.3,117,3.5,3177,2300,5423,8.7,80.2,35130,41930
00BJFZ,E05000610,Wandsworth,Balham,78.3,500000,8.2,358,7.4,15.59,35,11.4,0,272,4.6,1179,3600,7984,4.4,84.6,53420,76280
00BJGA,E05000611,Wandsworth,Bedford,69.5,334500,18,342,7.3,16,33.7,38.7,0,230,4.2,1710,1900,8207,5.5,81.3,46410,64470
00BJGB,E05000612,Wandsworth,Earlsfield,59.9,370000,22.9,344,7.3,21.54,34.9,16,7.6,348,3.6,2037,6000,7636,4.5,81.9,44360,61190
00BJGC,E05000613,Wandsworth,East Putney,42.3,390000,14.7,339,7.9,15.26,35.1,11.7,41,384,4.3,1312,4000,8166,4,83.3,49010,68740
00BJGD,E05000614,Wandsworth,Fairfield,94.4,390000,16.8,351,7.6,21.19,39.4,6.5,17.4,332,5.2,1473,7900,8114,4.2,80.8,48590,68040
00BJGE,E05000615,Wandsworth,Furzedown,49.2,261000,26.7,356,7.4,19.03,32.7,15.1,12.6,158,3.1,2832,1400,6896,6,82.4,38240,51860
00BJGF,E05000616,Wandsworth,Graveney,93.9,267000,28.2,335,7.2,21.82,34,4.1,0,229,5.2,2728,3300,7465,6.3,82.1,37960,51450
00BJGG,E05000617,Wandsworth,Latchmere,76.1,290000,39.6,339,7.1,26.71,38.5,15.6,42.9,136,5.3,3908,2500,6427,8.1,79.7,34990,47200
00BJGH,E05000618,Wandsworth,Nightingale,72.5,400500,11.3,355,7.6,19.1,34.3,8.8,0,266,5.3,1442,3700,7906,4.5,79.4,50790,71740
00BJGJ,E05000619,Wandsworth,Northcote,107.6,540000,5.5,356,7.6,8.42,36.7,33.6,0,305,4.9,984,6400,8125,3.8,84.9,55810,80510
00BJGK,E05000620,Wandsworth,Queenstown,76.7,413250,35.2,323,7.2,26.02,37.2,29.7,10.7,320,4.3,2808,12100,7191,7.6,82.1,39580,53840
00BJGL,E05000621,Wandsworth,Roehampton,58.4,249000,37.7,336,7.2,21.69,31.9,66.5,0,102,2.9,3745,4200,5450,8.4,79.6,30320,40880
00BJGM,E05000622,Wandsworth,St. Mary's Park,74.5,475000,25.6,343,8.2,24.23,37.4,9.6,17.6,289,3.5,2189,10000,7249,6,78.6,44720,61760
00BJGN,E05000623,Wandsworth,Shaftesbury,80,480000,16.2,336,7.6,24.14,38,6.4,0,294,5,1404,4200,8239,4.4,81.5,50410,71090
00BJGP,E05000624,Wandsworth,Southfields,63.5,412250,15.3,373,7.6,16.52,34,16.4,10.2,327,3.8,1779,5300,8585,4.2,83.2,48160,67330
00BJGQ,E05000625,Wandsworth,Thamesfield,98.7,525000,7.2,394,7.9,13.64,34.9,21.4,16.4,307,4.7,692,10100,7886,3.9,85.9,55380,79730
00BJGR,E05000626,Wandsworth,Tooting,75.2,323850,33.1,345,7.4,20.34,33.8,26.8,7.4,184,5.1,2909,12100,7312,6.1,81.1,36000,48630
00BJGS,E05000627,Wandsworth,Wandsworth Common,53.7,450000,7.1,345,7.6,17.17,34.3,40.2,1.2,301,2.6,1081,3800,7298,4.1,80.6,51420,72820
00BJGT,E05000628,Wandsworth,West Hill,38.8,275000,28,353,7.9,20.84,32.5,24,4.4,209,2.9,2755,2300,7650,5.9,80,40360,55010
00BJGU,E05000629,Wandsworth,West Putney,51,374000,22.3,338,7.4,20.68,32.6,18.3,0,265,2.8,2183,2000,6242,5.1,81.2,43280,59490
00BKGA,E05000630,Westminster,Abbey Road,51.7,685000,19,361,8.2,23.17,39.3,7.7,43,208,5.4,871,3500,4793,4.6,87.9,52200,90170
00BKGB,E05000631,Westminster,Bayswater,105.6,550000,20.9,367,8.1,21.98,48.2,5,4.9,227,6,1238,3900,4805,6.6,84.5,49960,85610
00BKGC,E05000632,Westminster,Bryanston and Dorset Square,197.1,675000,26.7,323,8.1,34.04,51.2,3.6,0,200,8,923,28000,6140,6,85.9,51370,88470
00BKGD,E05000633,Westminster,Churchill,125.2,641000,46.6,352,8.1,26.92,41,9.6,9.7,135,4.8,2351,3500,3947,8.1,82.8,39530,65830
00BKGE,E05000634,Westminster,Church Street,76.5,390000,52.7,346,8.1,26.2,43.3,11.8,12.1,43,6.1,4910,4400,2647,11.5,81,26290,44380
00BKGF,E05000635,Westminster,Harrow Road,65.1,350000,45.6,326,8,29.45,39.6,3.9,0,136,5.5,3502,2100,4212,10,80.1,35000,58030
00BKGG,E05000636,Westminster,Hyde Park,160.6,630000,33.1,345,7.7,21.43,50,12.9,4.8,261,7.8,1401,29600,5582,5.8,83.3,46880,79530
00BKGJ,E05000638,Westminster,Lancaster Gate,153.6,699000,25.2,385,7.9,22.76,41,9.1,0,197,7.1,1430,7800,7006,6.3,85.7,49290,84280
00BKGK,E05000639,Westminster,Little Venice,72.9,650000,30.1,355,8.2,21.34,43,18.6,82.1,205,5.6,1682,2800,4522,5.4,82.9,48770,83230
00BKGL,E05000640,Westminster,Maida Vale,68.7,550000,38.6,344,7.7,25.25,37.5,25.1,78.4,145,5.3,1955,1900,5477,6,83.5,45660,77170
00BKGN,E05000642,Westminster,Queen's Park,53.6,390014,46.8,346,7.5,29.16,38.8,4.8,0,95,5,4674,2100,3957,11.3,80,32260,53520
00BKGP,E05000643,Westminster,Regent's Park,72.7,540000,30.8,349,7.7,20.83,39.6,46.9,1.7,187,5.1,1592,9600,5228,5.9,85.4,46510,78810
00BKGQ,E05000644,Westminster,St. James's,1165.2,690000,18.3,350,8,26.09,49.4,20.2,100,185,7.6,1742,203300,4981,7.2,84,52520,90820
00BKGR,E05000645,Westminster,Tachbrook,55.4,515000,24.5,345,7.7,32,41.8,6.7,100,97,6.1,1060,2000,4981,5.9,83.8,47340,80420
00BKGS,E05000646,Westminster,Vincent Square,87.5,600000,32.3,335,7.6,24.85,43.8,9.1,40.7,166,6.7,1619,22200,4480,7.2,82.5,46550,78880
00BKGT,E05000647,Westminster,Warwick,144.5,590000,27.7,343,8.2,25.23,46.4,4.9,30.8,167,6.3,1171,19300,5036,5.7,84.3,50250,86200
00BKGU,E05000648,Westminster,Westbourne,75.5,415000,50.2,342,8,26.56,47.8,19.2,13.4,105,4.7,4810,3300,4573,9.7,78.3,32390,53730
00BKGW,E05000649,Westminster,West End,1440.2,950000,17.9,303,7.7,23.88,50.7,3.5,13.6,159,7.9,958,202500,4378,6.7,82.9,54970,95940
#1,E12000007,,London,82.8,292000,26.5,344,7.6,22.5,33.2,38.3,26.3,89815,3.7,,4449500,3580386,6.5,81.8,39110,51770